/*Общее текстовое описание БД и решаемых ею задач.
 Цель проекта - создание модель БД для хранения и анализа данных, получаемых с видео-хостинга (аналогичному YouTube).
 Основные данные, которые содержит данная БД - это информация о пользователях, каналах, альбомах, видеозаписях, 
 а также информация о их создании или изменении.
 
 Пользователи могут создавать канал, просматривать видео, выражать эмоции ("лайкать" видео), писать комментарии к видео, покупать
 премиум альбомы и подписываться на каналы.
 На каналах можно создавать альбомы для загрузки видео. Видео должно быть загружно в альбом. По эмоциям, комментариям и просмотрам 
 можно определять самые популярные видео, альбомы, каналы или пользователей.
 
 При удалении пользователя - удаляется вся информация, которая была с ним связана.*/

DROP DATABASE IF EXISTS Project_video;
CREATE DATABASE Project_video;
USE Project_video;

-- 1. Создаю пользователя: 
DROP TABLE IF EXISTS users;
CREATE TABLE users (
	id SERIAL PRIMARY KEY,
    firstname VARCHAR(128) NOT NULL,
    lastname VARCHAR(128) NOT NULL,
    gender CHAR(1) NOT NULL,
    birthday DATE,
    email VARCHAR(128) UNIQUE NOT NULL,
    password_hash VARCHAR(16) DEFAULT NULL,
    phone BIGINT UNSIGNED DEFAULT NULL,
    photo VARCHAR(255) DEFAULT NULL, -- сслыка на фото
    is_deleted bit default 0,
    INDEX users_firstname_lastname_idx(firstname, lastname)
);

-- 2. Создаю каналы: 
DROP TABLE IF EXISTS channels;
CREATE TABLE channels (
	id SERIAL PRIMARY KEY,
    name VARCHAR(255) UNIQUE NOT NULL,
    user_id BIGINT UNSIGNED NOT NULL, -- автор канала
    is_deleted bit default 0,
    created_at DATETIME DEFAULT NOW(),
    updated_at DATETIME DEFAULT CURRENT_TIMESTAMP ON UPDATE CURRENT_TIMESTAMP,

FOREIGN KEY (user_id) REFERENCES users(id) ON UPDATE CASCADE ON DELETE CASCADE
);
CREATE INDEX index_of_name ON channels (name);

-- 3. Создаю доступ к альбомам: 
DROP TABLE IF EXISTS accesses;
CREATE TABLE accesses (
	id SERIAL PRIMARY KEY,
	status ENUM ('открытый', 'закрытый', 'по ссылке', 'премиум') NOT NULL,
	body TEXT NOT NULL-- подробное описание каждого типа доступа для пользователя
);

-- 4. Создаю альбомы на каналах:
DROP TABLE IF EXISTS albums;
CREATE TABLE albums(
	id SERIAL PRIMARY KEY,
    name_album VARCHAR(255) NOT NULL,
    channel_id BIGINT UNSIGNED NOT NULL,
    body TEXT,
    access_id BIGINT UNSIGNED NOT NULL,
    price INT DEFAULT 0,
    created_at DATETIME DEFAULT NOW(),
    updated_at DATETIME DEFAULT CURRENT_TIMESTAMP ON UPDATE CURRENT_TIMESTAMP,
    is_deleted BIT DEFAULT 0,
    
FOREIGN KEY (channel_id) REFERENCES channels(id) ON UPDATE CASCADE ON DELETE CASCADE,
FOREIGN KEY (access_id) REFERENCES accesses(id) ON UPDATE CASCADE ON DELETE RESTRICT
);

-- 5. Создаю видео:
DROP TABLE IF EXISTS video;
CREATE TABLE video(
	id SERIAL PRIMARY KEY,
    name_video VARCHAR(255) NOT NULL,
    body TEXT, -- описание
    album_id BIGINT UNSIGNED NOT NULL,
	created_at DATETIME DEFAULT NOW(), -- дата загрузки видео
	published_at DATETIME NOT NULL, -- дата публикации видео
    is_deleted BIT DEFAULT 0,

    FOREIGN KEY (album_id) REFERENCES albums(id) ON UPDATE CASCADE ON DELETE CASCADE,
    INDEX video_name_video_idx(name_video)
);

-- 6. Создаю истории просмотров:
DROP TABLE IF EXISTS history;
CREATE TABLE history(
	id SERIAL PRIMARY KEY,
    video_id BIGINT UNSIGNED,
    user_id BIGINT UNSIGNED, -- кто просмотрел
	viewed_at DATETIME DEFAULT NOW(), -- дата просмотра
    
FOREIGN KEY (user_id) REFERENCES users(id) ON UPDATE CASCADE ON DELETE CASCADE,
FOREIGN KEY (video_id) REFERENCES video(id) ON UPDATE CASCADE ON DELETE CASCADE
);

-- 7. Создаю лайки/дейлайки/нет эмоций:
DROP TABLE IF EXISTS likes;
CREATE TABLE likes(
    user_id BIGINT UNSIGNED,
    video_id BIGINT UNSIGNED NOT NULL,
	status ENUM ('лайк', 'дезлайк', 'нет эмоций') DEFAULT 'нет эмоций',
	created_at DATETIME DEFAULT NOW(),
	updated_at DATETIME DEFAULT CURRENT_TIMESTAMP ON UPDATE CURRENT_TIMESTAMP,
	
PRIMARY KEY (user_id, video_id),
FOREIGN KEY (user_id) REFERENCES users(id) ON UPDATE CASCADE ON DELETE CASCADE,
FOREIGN KEY (video_id) REFERENCES video(id) ON UPDATE CASCADE ON DELETE CASCADE
);

-- 8. Создаю комментарии:
DROP TABLE IF EXISTS comments;
CREATE TABLE comments(
	id SERIAL PRIMARY KEY,
    user_id BIGINT UNSIGNED,
    video_id BIGINT UNSIGNED NOT NULL,
    body TEXT NOT NULL,
	created_at DATETIME DEFAULT NOW(),
	
FOREIGN KEY (user_id) REFERENCES users(id) ON UPDATE CASCADE ON DELETE CASCADE,
FOREIGN KEY (video_id) REFERENCES video(id) ON UPDATE CASCADE ON DELETE CASCADE
);

-- 9. Создаю премиум альбомы:
DROP TABLE IF EXISTS premium;
CREATE TABLE premium(
	id SERIAL PRIMARY KEY,
    user_id BIGINT UNSIGNED NOT NULL, -- пользователь, купивший премиум
    album_id BIGINT UNSIGNED NOT NULL, -- альбом, имеющий статус премиум
    start_date DATETIME DEFAULT NOW(),
    expiration_date DATETIME,
    price INT NOT NULL,
    
FOREIGN KEY (user_id) REFERENCES users(id) ON UPDATE CASCADE ON DELETE CASCADE,
FOREIGN KEY (album_id) REFERENCES albums(id) ON UPDATE CASCADE ON DELETE CASCADE
);

-- 10. Создаю подписчиков каналов:
DROP TABLE IF EXISTS subscribers;
CREATE TABLE subscribers(
	id SERIAL PRIMARY KEY,
	channel_id BIGINT UNSIGNED NOT NULL,
	user_id BIGINT UNSIGNED NOT NULL, -- подписчик канала
	created_at DATETIME DEFAULT NOW(), -- дата события
    is_sub bit default 1, -- 0 - пользователь не подписан, 1 - пользователь подписан
	
FOREIGN KEY (channel_id) REFERENCES channels(id) ON UPDATE CASCADE ON DELETE CASCADE,
FOREIGN KEY (user_id) REFERENCES users(id) ON UPDATE CASCADE ON DELETE CASCADE
);


-- скрипты наполнения БД данными:

-- 1. Наполнение таблицы пользователи:
INSERT INTO `users` (`id`, `firstname`, `lastname`, `gender`, `birthday`, `email`, `password_hash`, `phone`, `photo`, `is_deleted`) VALUES
	(1,'Brooks','Crona','f','1998-11-10','ebraun@example.net','a8d0b7d5ff43cb49',9384931640,'tmp//346ed8a7de61fdd501f4c05a7e5845e5.jpg',''),
	(2,'Trevion','Mann','m','2020-02-17','giovanna.abshire@example.net','88c4c7549538f86a',9782803083,'tmp//d9fae0859047f619853adf5e7844c6ff.jpg',''),
	(3,'Athena','Hegmann','m','2005-12-23','mkoelpin@example.net','a2a460a5116697e4',9122941410,'tmp//ddec7f3a7fcd622f132f423c32d2ebda.jpg','\0'),
	(4,'Flavio','Monahan','f','1999-07-30','mabshire@example.com','56e646ed764e0afb',9985164312,'tmp//34955cfd025b32589474f0b85406e87e.jpg','\0'),
	(5,'Rosanna','Runolfsdottir','f','2009-08-23','jgleason@example.com','d4190e40bc4c8a96',9120703358,'tmp//b871642fec513387f5b7c33db86df6b7.jpg','\0'),
	(6,'Ryder','Schuster','m','2014-04-04','beahan.kristy@example.net','3a8f2b0c72d92a0f',9568775459,'tmp//d0dcc2884a7924cde74fcc0a78cc6f23.jpg','\0'),
	(7,'Reymundo','Zemlak','m','1994-08-02','blick.eliezer@example.org','d372e9aa3c496cb3',9229259844,'tmp//08f7f76fd188a4fcdbc648d15f22110d.jpg',''),
	(8,'Urban','Sauer','f','2004-02-26','glesch@example.net','7ccd9ab02c3aa415',9895792152,'tmp//63382a138cbd8d84addbcac6ba6ae8bf.jpg','\0'),
	(9,'Marion','Ankunding','m','2008-05-15','filiberto.hand@example.com','619445912fdc107d',9197304645,'tmp//4cb857345609e52b6f68fab5f2533672.jpg','\0'),
	(10,'Elisa','Cummerata','f','1980-07-15','leonel60@example.com','46586b9948644bf5',9051959659,'tmp//c2e11fb62e011249eeb97424cc7bb42a.jpg','\0'),
	(11,'Bella','Toy','m','2019-06-27','denesik.donnell@example.com','9ecc8b21f6f34759',9967971737,'tmp//2c490967884a4077d16b55599e422a31.jpg','\0'),
	(12,'Kevin','Hilpert','f','1995-05-24','uosinski@example.org','9c9a89914dec2298',9557344265,'tmp//d7266abf08542ee04a4a69ae479c6d3a.jpg',''),
	(13,'Khalid','Flatley','m','1984-05-17','laurianne.auer@example.net','5c4c6311c270a860',9020256109,'tmp//82d6f7f447ca398e63b9286bd7bc4708.jpg','\0'),
	(14,'Christine','Bergnaum','f','1978-04-29','daisha.hegmann@example.net','d28e10c175d5f97e',9224066944,'tmp//96f3c25c7fb1beba6085f9d38329bbdc.jpg','\0'),
	(15,'Harley','Gerlach','m','2011-01-25','miguel88@example.net','1e7dcb6218522631',9647007367,'tmp//e86f4d1ba1c6d0dd0ce2afc69a8dd3dd.jpg','\0'),
	(16,'Gene','Osinski','f','1985-09-03','keyshawn90@example.net','87c06bdea367ea51',9725015126,'tmp//7106ac0bc3fe26ad70b2b0acd9b5119b.jpg','\0'),
	(17,'Juston','Nolan','m','2020-02-20','vcrona@example.com','24d7a6c89407a427',9250368156,'tmp//3b34d73eb69f86cd0f4e7c461eabb707.jpg','\0'),
	(18,'Moses','Adams','f','1999-08-05','odaniel@example.net','d9b52713d6439081',9130729559,'tmp//61e68e197beb1dbcc28a0aa452fa9366.jpg','\0'),
	(19,'Gene','Runolfsson','m','1983-10-26','jennifer.wisozk@example.com','ff699db49536ab94',9877821068,'tmp//4263589326f118c8d4bbb0516c2cc35e.jpg','\0'),
	(20,'Duane','Stracke','m','1998-12-11','minerva.crist@example.com','ab669619ce94a960',9013652320,'tmp//62e6bd59d813595909f2f92ffbaebfb3.jpg',''),
	(21,'Jaunita','Wintheiser','m','1991-01-26','verdie.wiza@example.net','666550fd18494db4',9209828707,'tmp//7ddefef586996ee5863dee87a4e2ca2a.jpg','\0'),
	(22,'Anabelle','Klein','f','1986-01-06','rebekah32@example.net','08bc834fcbae9b59',9631442395,'tmp//8af065b24d7bd00c3b8c97aecc6babba.jpg','\0'),
	(23,'Zoe','Bailey','m','2004-12-12','harvey.keshaun@example.org','31c24bec81527b15',9642551541,'tmp//73a953e2b0d6381f6e6e9dfa718889c3.jpg','\0'),
	(24,'Marty','Conn','m','1981-11-11','ljacobi@example.net','a2901213fe62777f',9553019284,'tmp//a1e322363676e1260ffef4e0aeceab5f.jpg','\0'),
	(25,'Tracy','Predovic','f','1982-08-17','heidenreich.emile@example.org','b226e6cfc128a4e7',9512762032,'tmp//b18f5a0ef727e0ae9ebb4e9ba3560ca8.jpg','\0'),
	(26,'Madaline','Sauer','m','2004-10-04','veum.aurelio@example.com','30112cbd14e8d5c8',9366550375,'tmp//bb483f79e6ee12b4abf991bb6e664d40.jpg','\0'),
	(27,'Ophelia','Crona','f','1988-12-23','strosin.jan@example.net','6970c6304394aa88',9654895876,'tmp//02c3e8e7046a093b4bdf8099922ed3b0.jpg','\0'),
	(28,'Joany','Bogisich','m','2001-12-12','michele.wintheiser@example.org','4786bb2e15fda03b',9604304992,'tmp//134a04ec8667464ae18fbecca83f8bfe.jpg','\0'),
	(29,'Sydni','Block','f','1987-04-03','apredovic@example.com','2b55a9749eb5c9ce',9027458132,'tmp//6e1f0c78d69523685ae921667dd7aad7.jpg','\0'),
	(30,'Deangelo','Ruecker','f','2001-02-26','vlubowitz@example.com','f2f73d5b8c7753f3',9235416214,'tmp//5cdf26f4dbd28c794d37a6473c7336f1.jpg',''),
	(31,'Verda','Gibson','m','1990-06-06','qkirlin@example.org','12e2faee404295a5',9063230828,'tmp//a81ac1a9cbc78a81de7b227b305c62ff.jpg','\0'),
	(32,'Dana','Gutmann','m','2006-12-07','aleen07@example.com','bf301d5406ceea54',9845271904,'tmp//59336b77e2a934f5b981f86e7bcb091d.jpg','\0'),
	(33,'Laurie','DuBuque','m','1975-07-07','ollie90@example.net','94d415b14628b34e',9406420466,'tmp//44cf006a2a22aa24d07e81a44b5503d5.jpg','\0'),
	(34,'Quinton','King','m','1980-02-29','geovanni85@example.net','0e1c140b22ed9956',9743786310,'tmp//6d29ce4319e3aa8261d20ee87ec406c6.jpg',''),
	(35,'Macey','Hettinger','m','1984-12-21','hettinger.stefan@example.com','e7a9608133be40f3',9287337977,'tmp//fc44777a64e90ca569d13d59edafa433.jpg','\0'),
	(36,'Erwin','Reinger','f','1984-10-26','kschmidt@example.com','ee10efe8da4695b7',9733866727,'tmp//b68e141b1ea4f0e4daff054e9a823209.jpg','\0'),
	(37,'Rae','Crona','m','2007-02-28','pkuhlman@example.org','8791c410aeef765f',9316063941,'tmp//bedff82e0e0ad1e8d9413641cb5e5b69.jpg','\0'),
	(38,'Kendrick','Effertz','f','1970-02-27','sflatley@example.net','7696c899de79e394',9849337943,'tmp//e97f40c09dbeb3154365ad09d8c25da2.jpg','\0'),
	(39,'Alexandria','Leffler','m','2009-03-03','mara.russel@example.com','f2928ad69564b12e',9866830255,'tmp//7b67b68ac23dcdfc818f924c357d006c.jpg','\0'),
	(40,'Kayden','Rolfson','f','1978-08-07','bahringer.naomi@example.com','52e2f2e20959057e',9255161998,'tmp//088499114d09f410997861033cbefb3a.jpg','\0'),
	(41,'Thalia','Buckridge','m','2014-01-02','blanda.jed@example.com','485b3495bea9476d',9333964404,'tmp//7d4318342f053825dea7f05505932913.jpg','\0'),
	(42,'Annette','O\'Kon','f','1986-05-25','dayne51@example.org','7e66c51f68a7365c',9022430248,'tmp//524a649aa77c4e3d32a123f92fddae02.jpg','\0'),
	(43,'Karley','Heaney','m','2014-08-22','ewisoky@example.net','e95136f6ed1c0a23',9758939487,'tmp//02cddfc4e3e6b8c314d2de9fb8f12417.jpg','\0'),
	(44,'Hilma','Macejkovic','f','2016-06-11','oheathcote@example.org','e915dd349dcd289a',9246430833,'tmp//958bc2fe22be29b96c9af252d27f7c18.jpg','\0'),
	(45,'Meda','Bosco','f','1974-12-14','ghoppe@example.com','26d50ff991f41979',9550408471,'tmp//7e16206973cd27e1cba8e98f478d03c0.jpg','\0'),
	(46,'Dudley','Block','f','1998-02-02','eortiz@example.com','78ff6de46064ef71',9993887342,'tmp//4c32980e649b13d8fab546ca5cdbd3e7.jpg','\0'),
	(47,'Imani','Jacobs','m','2011-05-12','carey.oberbrunner@example.org','933ac2bef36efe8c',9794089087,'tmp//0f03b2db9a1f1d1c125cf446ac53e4f6.jpg',''),
	(48,'Prudence','Schultz','m','2017-07-02','armando.pollich@example.com','bee12396f55dc21b',9409217230,'tmp//483dcebeb8d65d426bcb0ab15761b130.jpg','\0'),
	(49,'Ursula','Pfannerstill','m','2002-02-18','ibrahim34@example.com','cb571b77d92884e5',9432082534,'tmp//89ce14a0c7b17a3a1c0526b38e1beb76.jpg','\0'),
	(50,'Brandon','Weimann','m','2018-04-13','jacquelyn.bailey@example.org','3fb173b5e39697d7',9532455479,'tmp//63e03216342f01bafa79ea18cf3c527b.jpg','\0'),
	(51,'Morton','Langosh','m','2003-09-26','nolan.sarina@example.com','e93398deae2e869f',9986841680,'tmp//fb6c5331531255ff036cc45c702cd7c9.jpg','\0'),
	(52,'Fern','Ledner','f','1991-08-22','rogelio97@example.com','934979917079f08a',9965852391,'tmp//f8164b1b4f143af395afe77cdb3c6bc4.jpg','\0'),
	(53,'Orlo','Weimann','m','1971-08-20','elvie.miller@example.net','5f5bdf24c3895b88',9956694039,'tmp//e07b0fa73e798e10de3664685630d273.jpg','\0'),
	(54,'Camden','Prohaska','f','2005-01-26','carolyne37@example.com','fb13bca1f7438ac2',9776014137,'tmp//a072ec55b90e2f63bbffde18501c9e40.jpg','\0'),
	(55,'Tiara','Yost','f','1976-04-07','tyra.bartoletti@example.net','7ce112a05effcb6c',9924051313,'tmp//efb692d7970acf7e5686414898cc1907.jpg','\0'),
	(56,'Barry','Padberg','f','1995-09-23','dayana07@example.org','a894435e3cdb5a6a',9792602044,'tmp//8295778d4956213ee9d664df9259cee5.jpg','\0'),
	(57,'Damien','Tillman','m','1993-05-20','xvolkman@example.net','6983ceae2e8c1fb2',9611692498,'tmp//38c1e8ad408de803d4bf4b5e8bb9a416.jpg','\0'),
	(58,'Lori','Dach','m','1972-10-19','tlemke@example.net','c5f3f83b3c6a1974',9364742110,'tmp//e12999d1de57da28cf671c456ba6f3a9.jpg','\0'),
	(59,'Bernita','Hand','f','2012-08-20','emile.hirthe@example.org','d27183cddce4150b',9610545328,'tmp//1434011270d648212079c1bb4cb4859e.jpg',''),
	(60,'Eriberto','Leffler','f','2002-07-08','pablo12@example.net','c70cbbacb1a0a4f4',9086941389,'tmp//17fa3989596d7fa1595ac3bdcb287340.jpg','\0'),
	(61,'Rebekah','Von','f','1978-12-14','itromp@example.org','c5b42b5ac2525b6e',9977782070,'tmp//b28c97bbee4b16164e5ddf3be008738e.jpg','\0'),
	(62,'Lilly','Thompson','f','1971-09-30','omcdermott@example.org','cf115d71c3fca3ef',9315182997,'tmp//244f8455f1f1736c64fd9997ca3de7e8.jpg','\0'),
	(63,'Cordie','Fritsch','f','2003-07-23','remington.hettinger@example.net','57c4369e322533ba',9336429735,'tmp//edcf431067759bb412c1e33445a465b4.jpg','\0'),
	(64,'Thalia','Feeney','f','1973-06-23','muhammad94@example.org','f52731271525b5b4',9734515101,'tmp//56bcf4dec74b86982717ef047e39751d.jpg','\0'),
	(65,'Cyril','Macejkovic','f','2001-10-03','sage44@example.net','21cfa565ffe92edf',9454387451,'tmp//dbaa4151d5d4d9cf7346e70002de801d.jpg','\0'),
	(66,'Hattie','Cassin','m','2016-10-23','sigrid.watsica@example.net','f24ead460e1d53a6',9988708674,'tmp//8668296088bc8229c18126f0e8888458.jpg','\0'),
	(67,'Jarod','Williamson','m','2009-08-01','traynor@example.org','290627bc8844a136',9123986769,'tmp//2d1da2ce03d1ed6f753dd074dea756c8.jpg','\0'),
	(68,'Alphonso','Ruecker','f','1988-06-14','ubraun@example.org','c05aa395882900cd',9165837773,'tmp//ec379c2738d9f1b87d0ce5769d85c504.jpg','\0'),
	(69,'Kiana','Dare','m','1990-09-10','rbode@example.com','ae7157ac76d20587',9681019211,'tmp//256305af848b1f9369bd2f068709055b.jpg','\0'),
	(70,'Ryder','Kirlin','f','2020-04-05','haley.hollis@example.net','1180f78b2f1b2419',9241951884,'tmp//792369fb643ed56be957e5a4104c7fe5.jpg',''),
	(71,'Mohammad','Bayer','f','1998-07-17','courtney.flatley@example.net','692c4470dc906796',9770751976,'tmp//741dc432f296bb9bf9ba52d0ef55ed6e.jpg','\0'),
	(72,'Fay','Fritsch','m','2012-11-28','hmiller@example.org','6f1995496362a728',9634584755,'tmp//80cda94691c1fc4ac43ec14324670ddc.jpg','\0'),
	(73,'Vince','Greenfelder','m','1999-12-14','wgottlieb@example.com','b22bf581b288485a',9120775176,'tmp//7883f71675490166feedb23a97ce73c6.jpg','\0'),
	(74,'Ardella','Grady','m','1979-11-04','casey.ruecker@example.net','76077d55b5ff7048',9376959909,'tmp//fb2a7dbd2d81102de5dd2b4da5ace42f.jpg','\0'),
	(75,'Valentine','Konopelski','m','1970-01-31','margaretta13@example.net','1421e67b914a6ee5',9213613683,'tmp//99b03bfd3c5491b77b15c10263a17a18.jpg','\0'),
	(76,'Mariane','Sipes','f','1976-01-15','josefa31@example.org','60854eea6264b8a9',9387313127,'tmp//a127538cbcfec19871db2d88464c4deb.jpg','\0'),
	(77,'Vicente','Koch','m','1973-01-28','violette08@example.com','a64fc6ff9e4fd7c1',9382386809,'tmp//fd8d4a23ae7657dac66a45fab9b55d71.jpg','\0'),
	(78,'Berenice','Rolfson','f','2020-12-22','braun.devon@example.com','db27ce0c4b6e88c7',9403313403,'tmp//046169c7409efdac046feea6cb76eaad.jpg',''),
	(79,'Kacie','Bergstrom','m','2002-06-25','franecki.presley@example.net','c1b7c67af5f8267e',9620535917,'tmp//93936a9e2c9fcbdeb35fcd851aa65ab1.jpg','\0'),
	(80,'Keara','Smitham','f','1993-02-15','goodwin.kaleb@example.org','450de2cd48a24a8a',9712612150,'tmp//a34c18872c005f549fa2585955d74ec6.jpg','\0'),
	(81,'Neva','Hammes','f','1983-11-12','thaddeus86@example.com','897c634e07ead442',9820831557,'tmp//c0715106420f2a03e22f758b7bfb0f42.jpg',''),
	(82,'Bryce','Witting','f','2007-03-13','aledner@example.org','30a4d0505558548c',9325673771,'tmp//84d221ab46b89017ec16d3e1cac6f606.jpg','\0'),
	(83,'Delaney','Schulist','f','2004-07-22','rutherford.doug@example.net','cf09f5efce3fcfbb',9811398336,'tmp//f34ae53cdab014d2223e9257e146518e.jpg','\0'),
	(84,'Melvin','Raynor','m','2002-08-21','plakin@example.com','463a7714c3269a90',9554690686,'tmp//08f592c23a1ef8900eaae599e71b00e4.jpg','\0'),
	(85,'Joanne','Goodwin','m','2016-02-19','beier.art@example.net','b19111ef01bf993e',9944129513,'tmp//dc5ba98d419ecf268b4391956d71577a.jpg','\0'),
	(86,'Lila','Wyman','f','1990-01-28','kozey.micah@example.net','17aaf0c6eb5cc29f',9545927603,'tmp//8b5b2ab317c6d533aa83df47287351e9.jpg','\0'),
	(87,'Domenick','Veum','m','1977-07-19','rosanna.hauck@example.org','f02af185bacf4f23',9983985430,'tmp//9be271befe0cbb37c702713853760a59.jpg','\0'),
	(88,'Aylin','Trantow','f','2001-12-18','umckenzie@example.com','aed0207bb21a74f4',9485209764,'tmp//13012a4d0d226dc868580f93f551880e.jpg','\0'),
	(89,'Annabell','Effertz','m','2004-11-16','lcormier@example.com','1eb61925e45d9c76',9931591081,'tmp//bade0645c848b2e9e5786b3589a6642c.jpg','\0'),
	(90,'Riley','Hoppe','m','2002-02-24','jbechtelar@example.org','98c2d9e1561935a5',9250183413,'tmp//9e4f48cdb0123c5673e93d56a647ab7e.jpg','\0'),
	(91,'Kara','Boehm','f','2021-08-21','reynold57@example.com','7699c5599c4161df',9186366559,'tmp//3c6e7e83dd7137a5466241a275f1929c.jpg','\0'),
	(92,'Nestor','Breitenberg','m','2008-02-21','dorcas61@example.net','e2d3f59088e35047',9292119230,'tmp//3e22ad082e699a4e1b4d52afb3641951.jpg','\0'),
	(93,'Emelia','Rutherford','f','1991-03-23','nicolas.thurman@example.org','6139ffdb86ec54be',9228202938,'tmp//5af11e560590c2d6181e4346d87f153e.jpg','\0'),
	(94,'Sanford','Dare','m','1999-09-24','hkunde@example.com','87b90078797441c1',9862579675,'tmp//37d8a579fed953563787fb53451d17f0.jpg','\0'),
	(95,'Kaci','Streich','f','2019-04-03','urogahn@example.net','4d593f85a1f9ffe7',9849678445,'tmp//f6b3f3b35a0692bf459406b45b5bd0f7.jpg','\0'),
	(96,'Berenice','Hilll','m','2006-10-26','cheyenne.schamberger@example.org','929be3f7a09ae3dd',9115229543,'tmp//6d45598085da8f772b882406b3621c96.jpg','\0'),
	(97,'Enid','Roberts','f','1993-12-04','nfriesen@example.com','c99579179c5c0837',9882758803,'tmp//57ee3944e5591ec2586e6fe6a0ff39cd.jpg','\0'),
	(98,'Angelina','Hettinger','f','2009-02-08','camron73@example.net','aa19d36a5c976c8b',9634806303,'tmp//6e2e55c1a4fd4fa988638660adcead00.jpg','\0'),
	(99,'Erin','Denesik','m','1972-12-21','morissette.lulu@example.net','8974caf00690679b',9546715175,'tmp//ba88e136f5934ccb605813f231dc46cb.jpg','\0'),
	(100,'Grayce','Spinka','f','2000-02-01','itromp@example.com','02efe9755ee2c363',9402931412,'tmp//1db696ac789b79e5daa73e2615a6e9bc.jpg','\0');

-- 2. Наполнение таблицы каналы:
INSERT INTO `channels` (`id`, `name`, `user_id`, `is_deleted`, `created_at`, `updated_at`) VALUES 
	(1,'aut',1,'','2001-10-01 23:10:29','1975-12-31 19:41:07'),
	(2,'quae',2,'\0','1975-07-10 22:30:35','2017-02-26 16:16:56'),
	(3,'est',3,'','1986-07-11 11:24:56','2020-08-08 22:59:28'),
	(4,'omnis',4,'\0','1984-05-10 02:57:00','1994-06-23 16:51:29'),
	(5,'id',5,'','1980-04-04 12:46:34','2007-06-14 13:43:25'),
	(6,'eum',6,'','2013-11-11 04:39:09','2012-02-19 07:56:29'),
	(7,'recusandae',7,'','1985-02-15 08:38:12','1992-06-15 20:33:24'),
	(8,'ut',8,'','2010-03-12 15:11:20','2015-09-23 21:33:24'),
	(9,'soluta',9,'\0','1973-06-12 21:11:57','2005-07-29 05:28:18'),
	(10,'molestias',10,'\0','2001-04-29 00:44:42','1998-10-30 16:29:34'),
	(11,'a',11,'\0','1997-05-24 23:15:43','2007-01-24 16:04:00'),
	(12,'neque',12,'','2021-02-24 01:31:57','1979-07-24 04:38:26'),
	(13,'consectetur',13,'\0','2020-01-12 22:26:30','1973-03-08 19:42:43'),
	(14,'sed',14,'','1985-06-15 19:14:26','1976-10-06 03:03:47'),
	(15,'ipsa',15,'\0','1979-10-29 16:42:48','1987-07-22 11:23:54'),
	(16,'minima',16,'','2020-11-28 00:16:26','1988-10-10 18:58:50'),
	(17,'quam',17,'','1995-01-20 19:18:01','2015-11-28 22:20:28'),
	(18,'voluptatibus',18,'\0','1975-10-19 06:40:58','1982-11-27 23:07:50'),
	(19,'voluptates',19,'','2013-12-01 16:29:37','2007-12-10 01:53:16'),
	(20,'rem',20,'','1999-03-16 20:44:15','2021-01-15 02:35:44');

-- 3. Наполнение таблицы доступ к альбомам:
INSERT INTO `accesses` (`id`, `status`, `body`) VALUES 
	(1,'открытый','Quod in eum maxime ullam doloribus dicta suscipit. Et quidem qui quaerat autem laudantium voluptas blanditiis dolores. Velit pariatur aperiam ad. Ea et a deserunt sed quo consequatur.'),
	(2,'премиум','Laboriosam quo quia et sit. Dolorem tempore amet quo voluptatem. Et id voluptatem sed. Ut architecto est exercitationem ut labore consectetur quo consectetur.'),
	(3,'по ссылке','Quo saepe consequatur sed culpa occaecati. Possimus porro aut corporis error. Veritatis et iusto dolor. Et nihil voluptatibus non qui quas rem.'),
	(4,'закрытый','Et repudiandae dolore harum ad. Itaque molestiae omnis ea temporibus et. Quo adipisci aperiam dolorum ut.');

-- 4. Наполнение таблицы альбомы:
INSERT INTO `albums` (`id`, `name_album`, `channel_id`, `body`, `access_id`, `price`, `created_at`, `updated_at`, `is_deleted`) VALUES
	(1,'ratione',1,'Earum dolorem aut est ut quam nihil. Consectetur laboriosam natus consectetur consequuntur mollitia consequatur itaque vel. Sit rerum qui unde tempore laboriosam sed. Necessitatibus eligendi voluptatem ipsa quae qui molestias nobis.',1,0,'1974-03-01 10:03:20','2004-09-03 11:01:15','\0'),
	(2,'suscipit',2,'Nam velit est porro ipsum suscipit repudiandae. Minima perspiciatis omnis aut reiciendis. Assumenda consequuntur sit facilis minima.',2,8,'1978-09-10 23:15:50','1988-01-25 22:28:48','\0'),
	(3,'quam',3,'Dolorem numquam quia quis. Quia a aut minus mollitia atque. Atque vitae voluptatem nulla similique. Architecto quia voluptatem dolor earum et porro pariatur.',3,0,'1970-02-12 15:36:23','1993-12-04 16:11:52',''),
	(4,'aspernatur',4,'Voluptatum ratione voluptas facilis rem labore eos debitis. Aut iure nulla numquam quam. Consequatur molestiae odit aut. Sit odit soluta eaque quae dolor debitis.',4,0,'1970-12-05 14:26:22','2010-06-19 10:02:23',''),
	(5,'corrupti',5,'Dolor nostrum deserunt temporibus. Dicta fugiat et praesentium explicabo corrupti. A distinctio ea vitae harum voluptatem.',1,0,'1981-08-13 12:09:25','1972-07-12 22:30:29',''),
	(6,'placeat',6,'Rerum recusandae dolores quam. Rerum expedita aut possimus ut. Reprehenderit rerum culpa voluptas vitae et quia amet.',2,3,'1989-09-13 10:23:35','2010-04-03 08:15:52','\0'),
	(7,'corrupti',7,'Enim soluta reprehenderit corporis. Rerum accusamus exercitationem impedit rerum nam. Fuga enim saepe facilis similique atque minima. Nobis dolorem a ipsum autem nulla repellat.',3,0,'2007-09-24 06:43:24','1988-05-01 20:35:46','\0'),
	(8,'dolorem',8,'Aut eveniet dolore possimus et molestiae placeat. Eius quas aperiam voluptatem perspiciatis laborum laboriosam.',4,0,'1985-10-15 21:25:26','1995-08-27 22:10:18','\0'),
	(9,'inventore',9,'Est non distinctio illo deleniti iusto. Soluta repellat vero quos quisquam. Id autem ullam voluptates voluptas. Non itaque ad nobis assumenda dolor incidunt distinctio.',1,0,'1977-02-02 17:09:44','1976-05-11 09:28:49','\0'),
	(10,'et',10,'Cumque distinctio tenetur alias qui aut. Fuga quia unde enim animi. Repellat quo tempora facilis est id labore eos.',2,15,'2006-10-28 00:37:53','1971-04-10 12:09:51',''),
	(11,'dolorem',11,'Assumenda officia dicta omnis consequatur. Impedit est est neque ipsum maxime quia qui. Aliquam praesentium quis dolorem ducimus qui. Sequi fugiat qui doloribus ipsa quibusdam. Voluptatem et quas ullam perspiciatis.',3,0,'1977-04-14 12:52:31','2002-07-29 23:49:46',''),
	(12,'et',12,'Nulla dolor saepe odio. Tempora sit doloremque ratione dolores. Aperiam quia nihil aut distinctio fuga. Deserunt explicabo ipsum qui ducimus nihil temporibus voluptatem. Quod eius deleniti qui incidunt non nobis.',4,0,'1983-10-27 02:41:59','1982-05-04 10:06:37','\0'),
	(13,'qui',1,'Rerum est vero sit sint saepe. Labore quaerat harum quas et aperiam et non. Natus eligendi praesentium provident ut rerum accusantium. Natus id molestias exercitationem temporibus id harum. Sed dolore quis eveniet molestiae harum ut repellendus.',1,0,'2015-10-30 14:02:29','1990-09-20 19:40:09',''),
	(14,'nesciunt',14,'Consequatur officia aliquam veniam dolorum. Similique eum officia doloremque commodi. Ut qui cupiditate error commodi doloremque blanditiis quisquam. Voluptatem porro ipsum omnis.',2,8,'2006-01-25 20:57:13','1988-10-05 22:59:26','\0'),
	(15,'eaque',15,'Suscipit ut suscipit ea nesciunt minima ut. Facere iusto recusandae exercitationem eum officia ratione rerum. Ut iste mollitia enim aut voluptatem. Dolorem eum quis dolor modi quis quam. Eos maxime id cupiditate magnam.',3,0,'2008-06-29 06:12:40','2014-11-12 20:09:31','\0'),
	(16,'accusamus',16,'Iste aspernatur aut consequuntur culpa ea aperiam deleniti. Iure illum nostrum eum aperiam sunt expedita. Sint velit eos ipsam ea dolor officia. Sed et magnam ipsa blanditiis quia facere omnis dolores.',4,0,'1980-09-19 04:10:08','2010-01-21 22:08:26','\0'),
	(17,'facilis',17,'Sed et natus quis voluptatem est facilis. Praesentium quo odio corrupti eum debitis cumque laborum. Praesentium esse labore aut esse.',1,0,'2011-12-15 23:08:18','2001-08-09 18:00:52',''),
	(18,'itaque',14,'Aut exercitationem pariatur sit ut placeat est sint. Rem amet voluptatem et ut dolor adipisci. Natus suscipit et sequi nulla maiores.',2,13,'2009-03-12 02:01:51','2020-02-13 10:00:45','\0'),
	(19,'vel',19,'Qui corporis officiis officia nulla non. Amet dignissimos delectus unde cumque voluptate et ex. Dolorem neque qui corrupti rem assumenda.',3,0,'1978-11-25 11:09:29','1992-08-30 08:54:22','\0'),
	(20,'porro',20,'Ut quia quam voluptate fuga iure in ducimus. Harum velit quo sit molestiae voluptate vel quia.',4,0,'1990-12-23 15:57:15','2011-09-06 22:51:39','\0'),
	(21,'quia',1,'Dignissimos consequatur deleniti tempora quam. Error suscipit est eos quam aut. Qui ullam qui accusamus facere sint hic. Illo in dolor omnis praesentium corrupti ex. Aliquam laudantium quaerat voluptate quasi temporibus iste quia.',1,0,'1981-05-12 20:42:31','1992-02-01 02:13:05','\0'),
	(22,'unde',2,'Officiis debitis asperiores fugit tempore temporibus cumque alias sit. Perspiciatis iusto explicabo commodi autem laborum quam. Quo qui occaecati tenetur nulla vitae. Quia similique sed autem numquam sapiente ex.',2,7,'2010-04-26 21:24:43','2019-09-02 10:16:52','\0'),
	(23,'error',3,'Natus voluptate doloribus cum dolores cumque autem enim. Provident omnis doloremque voluptates culpa labore eligendi. Doloremque at et sed non temporibus ea amet. Corrupti aliquid placeat quibusdam et eligendi consequuntur.',3,0,'1971-06-12 02:41:46','2013-10-04 23:17:09','\0'),
	(24,'nulla',4,'Tempore omnis sapiente quia fugit amet. Esse provident nostrum velit eos accusantium esse ratione. Eius mollitia at incidunt magnam iste officiis. Tempore quae dicta sapiente labore omnis deserunt.',4,0,'1981-10-22 04:50:47','2019-02-09 20:43:57','\0'),
	(25,'non',5,'Id officia est libero deserunt sed quam. Distinctio explicabo cupiditate cumque deleniti. Illum qui voluptatem dolorem debitis. Itaque laboriosam fuga at deleniti.',1,0,'1973-02-21 20:11:52','1983-09-25 17:30:28','\0'),
	(26,'voluptatem',6,'Labore incidunt et amet et. Ea voluptatem maiores omnis fugiat cupiditate nostrum. Provident facere laborum qui rem quia earum quibusdam laboriosam.',2,9,'1986-07-18 15:34:01','1970-05-16 06:09:08',''),
	(27,'adipisci',7,'Cumque aut id quasi. Architecto nobis eligendi similique ut voluptatum. Sint fuga amet omnis sit numquam consectetur.',3,0,'2000-10-24 23:59:07','2000-06-02 04:34:45','\0'),
	(28,'et',8,'Quos tenetur sapiente doloremque eligendi iure nisi ratione. Non aut ut neque molestias corporis. Omnis tempora eveniet repellendus non corrupti. Deleniti nam vero ut ad perferendis animi reiciendis.',4,0,'1980-04-24 10:17:30','1994-06-27 07:03:17','\0'),
	(29,'nihil',9,'Ipsa et in aut laudantium harum ipsa. Quisquam voluptatibus praesentium est impedit dignissimos magni illum. Cum dolor voluptatum eos consequatur rerum.',1,0,'1976-05-20 14:29:27','1979-10-08 01:12:27','\0'),
	(30,'voluptas',14,'Corporis ad omnis enim totam. Voluptas voluptates eum itaque quidem. Fugiat alias quo odio optio sit dolorem ratione.',2,13,'1996-03-24 14:44:48','1979-05-19 11:10:47',''),
	(31,'consequatur',11,'Qui vitae similique illum nulla fugit consequuntur omnis. Laborum similique quo et eligendi dolores.',3,0,'1979-05-29 02:37:06','2002-01-25 03:43:45',''),
	(32,'eveniet',12,'Repellat non maiores harum fuga neque quo. Iste aut suscipit soluta molestiae est. Mollitia assumenda qui aut itaque et quae. Numquam sit optio pariatur sint voluptas.',4,0,'2012-04-10 16:37:27','2010-11-12 18:13:03','\0'),
	(33,'itaque',13,'Maxime ad corporis totam et accusamus ea totam. Est odit adipisci nam eos veritatis sit et. Blanditiis aut minus quas delectus optio. Veritatis sed quo ratione dolorem et ea occaecati.',1,0,'2009-02-27 07:14:43','2019-08-29 06:07:51',''),
	(34,'porro',14,'Et veritatis iure dolore velit blanditiis. Ipsum totam ea iure iste cumque non maiores. Debitis qui ut voluptatem laboriosam mollitia. Ut fuga perferendis ipsa sed accusamus quia odio.',2,9,'1995-04-08 14:21:49','1992-03-04 11:12:53',''),
	(35,'distinctio',1,'Quis magni non dolor veniam doloremque. Praesentium sunt tempore culpa eligendi vel. Est et alias repudiandae voluptas.',3,0,'1984-07-05 22:24:04','1972-11-17 22:06:31','\0'),
	(36,'mollitia',16,'Est officia earum consectetur iure magni. Molestiae assumenda officiis sed. Magnam totam rem odio eum.',4,0,'1982-03-20 12:58:22','2013-07-25 07:52:05',''),
	(37,'qui',17,'Sed qui cumque minima eum tempora optio nobis. Vitae est vero eligendi ad ut. Pariatur vel animi delectus omnis enim praesentium. Est voluptate fugiat voluptatem praesentium consequatur sed.',1,0,'2018-07-25 03:42:41','1972-09-12 12:15:53',''),
	(38,'reprehenderit',18,'Porro eum asperiores culpa error ut perspiciatis ut. Harum sunt et rem. Itaque nihil voluptatem a illum inventore aperiam aspernatur.',2,11,'1980-11-30 13:24:33','1997-04-26 09:58:19',''),
	(39,'molestias',19,'Commodi omnis eum sit animi vero. Sint hic qui libero dolorum. Sed nihil totam esse voluptatibus.',3,0,'1989-01-09 07:27:19','1972-06-22 00:36:54',''),
	(40,'nam',20,'Minus voluptatem autem ea nostrum qui. Et velit est odit nostrum. Saepe culpa quos autem quis ut. Quas quis dolore et velit.',4,0,'2012-02-22 18:58:37','2013-07-17 00:19:18',''),
	(41,'ut',1,'Est voluptatem veniam minus. Tempore non doloribus et quam. Voluptatum veritatis officia sit optio.',1,0,'2004-01-16 21:33:39','2004-04-18 05:57:08','\0'),
	(42,'necessitatibus',2,'Aliquid quaerat voluptates quibusdam dolores dolores aliquam. Consequatur aliquid quidem molestias et non et ut in. Non dolor eos at molestiae ad in. Maxime et facilis illo modi.',2,13,'1970-09-21 15:58:20','2001-03-08 23:12:34','\0'),
	(43,'quia',3,'Molestias similique quas quia recusandae. Iusto nihil non omnis nam quam itaque quo. Ut aut est iusto.',3,0,'1972-07-04 20:01:29','1997-07-10 21:29:24','\0'),
	(44,'est',4,'Magnam earum commodi doloribus explicabo blanditiis aliquid laborum. Dolor non delectus adipisci dolorem sint. Nostrum blanditiis praesentium qui placeat perspiciatis architecto quia nesciunt. Rem aut quo saepe similique.',4,0,'1971-08-12 22:03:29','2020-08-18 02:47:37','\0'),
	(45,'nihil',5,'Accusantium et et beatae magni enim. Ut ratione in ut aliquid sint. Consequuntur et molestiae qui voluptas quae libero nulla. Et perspiciatis rerum assumenda alias repellendus dolorem.',1,0,'1980-04-19 19:10:04','1992-07-23 19:23:26',''),
	(46,'quod',14,'Consequatur facere ut eveniet quidem corrupti laudantium quam. Nobis voluptas soluta optio illum eligendi quia doloremque. Nesciunt non et eos qui sed et.',2,5,'2005-07-22 10:33:54','1996-07-13 08:00:55',''),
	(47,'maxime',7,'Deleniti debitis ut nostrum nulla et. Quaerat possimus aut ut aspernatur quidem. Perspiciatis dolores doloremque quae quod ab quam repellat porro. Omnis nihil ad quis.',3,0,'2009-05-22 21:09:00','2010-08-20 06:38:03','\0'),
	(48,'deserunt',8,'Repellendus ut repudiandae ad. Aliquam aliquid debitis aliquid alias dolor itaque illo. Necessitatibus dolor neque nihil odio ut dolorem. Qui dolor eum aut quo eveniet quia sint.',4,0,'2006-06-12 08:09:17','2007-11-10 07:17:07',''),
	(49,'dignissimos',9,'Voluptas velit porro non. Aut quas similique adipisci sit odit omnis ut.',1,0,'1975-10-09 21:29:39','2009-09-26 09:04:19','\0'),
	(50,'veniam',10,'Voluptatem sed minus debitis alias quidem sequi molestias. Ea rerum distinctio maiores sint et et non. Vero sit est dolores.',2,15,'1980-02-11 13:09:55','1994-01-12 02:14:38',''),
	(51,'enim',11,'Ullam fuga et nihil quia et et. Rem illo assumenda rem deleniti vel ea. Excepturi ut eaque dolores eos earum ut. Omnis saepe dolorem quo.',3,0,'2013-03-09 22:54:37','2010-02-03 15:23:42',''),
	(52,'veniam',12,'Mollitia minus doloremque perferendis asperiores. Eveniet quidem sint nam aut fugit. Sit odit perferendis et ut quae.',4,0,'2015-03-15 17:16:13','2010-05-07 21:26:16',''),
	(53,'quasi',13,'Deleniti perferendis consectetur voluptatem voluptate. Mollitia rem quis earum. Asperiores dignissimos dolorem iste aut dolores illo cupiditate. Enim sequi minima perspiciatis deserunt quia alias id.',1,0,'2010-09-25 04:20:25','1986-10-20 16:26:15',''),
	(54,'voluptatem',14,'Et in ut est et est molestias. Libero corrupti fugiat dolorem id. Sequi cum est et minus et distinctio ea nesciunt.',2,2,'2016-02-24 00:29:48','2008-03-13 20:00:33','\0'),
	(55,'atque',15,'Enim dolor esse perspiciatis eos quisquam ratione. Voluptatem harum suscipit magnam aliquid vero non eveniet. Quasi voluptate quae ut quasi excepturi.',3,0,'2012-01-30 17:44:59','2011-07-31 22:11:19','\0'),
	(56,'numquam',1,'Sunt et saepe rerum est. Dolores dolor molestiae odit tempora eius.',4,0,'2012-12-22 08:33:20','1981-12-24 10:40:55','\0'),
	(57,'iusto',17,'Praesentium aut vel numquam aut. Aperiam cumque quis est aut quos blanditiis laboriosam. Ea perferendis voluptatem facere quae dignissimos eos beatae assumenda.',1,0,'1978-02-02 09:47:48','2004-12-11 09:50:58',''),
	(58,'est',18,'Sit voluptas tenetur qui non. Quasi sapiente eos beatae sed. Blanditiis vero est quae voluptas accusamus distinctio quaerat. Eos ducimus vero non qui. Beatae nulla debitis porro ipsum.',2,3,'2019-03-15 13:43:36','2020-02-01 12:42:44','\0'),
	(59,'laborum',1,'Nam modi quas fugit qui sit est dolor. Et fugit enim quia fuga ipsa eum aliquam. Cupiditate provident et sed consequuntur.',3,0,'2007-06-21 04:16:31','2021-04-16 02:12:42',''),
	(60,'aliquid',20,'Unde sint ipsa nesciunt ea ipsum. Ipsam commodi impedit cum enim ipsam qui iste. Repudiandae laudantium occaecati cum minus iure totam.',4,0,'1971-12-21 22:59:29','2020-02-13 06:53:53','');

-- 5. Наполнение таблицы видео:
INSERT INTO `video` (`id`, `name_video`, `body`, `album_id`, `created_at`, `published_at`, `is_deleted`) VALUES 
	(1,'beatae','Et fugit eveniet et. Blanditiis aliquid voluptas et praesentium voluptates cumque omnis aut. Deleniti consectetur ullam neque veniam sunt eos eligendi.',1,'1970-01-02 10:16:13','2006-05-15 04:56:54','\0'),
	(2,'repellendus','Cum expedita vel amet. Repellendus quo cum ut ad itaque veniam maxime. Corporis sit quasi omnis ipsa omnis. Harum quo corrupti odit cumque est velit.',1,'2006-05-01 04:16:35','2018-11-04 12:51:45',''),
	(3,'pariatur','Est ipsum enim distinctio officiis quia quis. Libero quis eum assumenda repudiandae ratione nesciunt commodi laboriosam. Rerum voluptate necessitatibus nulla voluptatum corporis ea.',1,'2013-01-25 12:34:46','1972-10-29 03:36:04','\0'),
	(4,'deserunt','Quidem veritatis voluptas aut quia. Reiciendis qui et suscipit totam ullam aut pariatur. Enim natus aspernatur voluptatem rerum et aperiam.',1,'1998-08-12 04:21:04','2001-09-07 07:26:31',''),
	(5,'officia','Consequatur vitae ut hic architecto. Consequuntur aut et eligendi nulla. Enim molestiae dicta ut aut. Amet repudiandae et nihil ut est consectetur.',1,'1976-09-01 08:13:09','1980-07-19 06:18:08',''),
	(6,'eos','Ipsum ea autem et aut eius earum nobis. Sapiente maiores aperiam quia cum omnis iusto nobis. Quidem vel vel quo expedita.',1,'2015-06-22 23:41:30','1984-12-27 13:30:35',''),
	(7,'maiores','Occaecati exercitationem delectus harum esse. Saepe tempora totam ratione nihil voluptatibus nihil doloribus. Reiciendis quas excepturi fuga minima laudantium qui aspernatur molestiae.',7,'2016-11-17 13:40:38','1992-01-04 13:39:16',''),
	(8,'accusamus','Explicabo deleniti fuga quis optio itaque molestiae consequatur. Aut iusto sunt necessitatibus omnis totam. Ex saepe illum voluptatibus possimus blanditiis.',8,'1973-09-21 02:31:28','1985-03-19 01:15:25','\0'),
	(9,'neque','Dolorem numquam architecto nisi officiis possimus. Ut iusto vero cum et sed odio. Voluptatem ad quis voluptas iure officiis.',9,'2004-07-16 18:53:12','2004-12-02 04:48:10',''),
	(10,'est','Excepturi tenetur unde accusantium voluptatem facilis qui est. Fuga magnam voluptatibus blanditiis quas sint. In et ut in harum. Sequi quia neque consectetur omnis necessitatibus.',10,'1991-10-13 08:31:15','2006-11-18 01:33:14','\0'),
	(11,'vero','Quia repellendus et cupiditate quia quis eveniet. Quos quam quo delectus labore voluptas. Consectetur assumenda ex voluptatibus ipsam et.',11,'1989-12-05 21:10:33','2005-03-04 15:32:38',''),
	(12,'perspiciatis','Nam aspernatur quaerat reprehenderit. Et pariatur officia nesciunt eos.',12,'1972-10-09 15:09:21','2011-04-04 19:27:57',''),
	(13,'aspernatur','Est commodi qui velit delectus repellendus officia. Voluptate dolores odio id error corrupti hic. Ut voluptates ipsum labore et officia et ea.',13,'2018-05-01 13:39:25','2002-07-31 07:48:32','\0'),
	(14,'possimus','Consequatur voluptate commodi rem vel facere recusandae. Qui nemo quo natus vitae nulla ut. Qui provident magnam sed soluta iure et dolores. Unde quo maxime porro unde.',14,'2006-09-12 21:17:37','1974-10-13 23:09:10',''),
	(15,'sit','Repellat atque molestias repellendus nam aut beatae qui. Qui nemo dolorem sunt esse enim eaque ut sed. Odit sunt qui non fugiat. Voluptatum blanditiis sit odit architecto.',15,'1975-11-23 08:36:22','1996-10-03 14:06:30','\0'),
	(16,'impedit','Est aut ut commodi et aspernatur a. Temporibus dolor optio architecto corrupti eveniet expedita iusto quae. Asperiores repellat sint voluptatem corporis est quam vel. Est atque iure dolores cupiditate et.',16,'2003-11-22 18:52:09','2013-12-23 00:03:06',''),
	(17,'ducimus','Sunt aperiam consectetur tenetur temporibus consequatur. Voluptatum cumque amet iure consequatur. Ducimus quis repellendus voluptate. Impedit qui aut consequatur quia voluptatem.',17,'1972-01-05 23:01:48','1999-07-06 10:14:57',''),
	(18,'et','Necessitatibus excepturi aut quae sit dolorem assumenda. Rem expedita occaecati voluptatum inventore accusamus.',18,'1980-03-23 00:04:13','1991-08-12 17:01:25','\0'),
	(19,'iure','Voluptate libero architecto quas dolor modi dolor. Ad repellat aliquam consequatur aut quaerat ex. Aut itaque exercitationem cumque ut alias veniam.',19,'1994-11-05 14:38:25','1975-07-16 04:53:43',''),
	(20,'dolorem','Et nemo minima rem labore aut. Error nisi non omnis delectus non ipsa. Repellendus qui quasi blanditiis sunt ex doloremque omnis.',20,'1971-05-12 05:28:54','2001-05-13 20:50:03','\0'),
	(21,'illum','Sint omnis consectetur enim. Dolores facere quo autem temporibus. Est et corporis atque soluta enim officiis.',21,'1978-03-23 19:04:36','1972-12-15 03:33:42',''),
	(22,'totam','Ea necessitatibus repellendus et vel rem. Nihil consectetur qui aspernatur iusto. Tempore ut nobis cumque autem facilis voluptate et.',22,'1984-02-06 04:32:35','2013-01-06 12:06:52','\0'),
	(23,'rerum','Alias qui qui ut. Similique qui qui molestiae. Pariatur magni deleniti necessitatibus placeat est. Molestias dolores commodi unde repellat.',23,'1995-12-26 20:03:48','1999-07-10 14:47:39',''),
	(24,'quis','Nihil aperiam incidunt alias. Tenetur suscipit doloribus libero animi eos. Animi ut ut quis esse.',24,'1976-01-05 03:49:18','1986-05-05 17:54:12',''),
	(25,'et','Sunt corporis veniam magni quos perspiciatis rerum aliquam. Soluta voluptatibus ut et quam eum eaque. Modi quae totam qui amet. Velit odio et cumque perferendis eveniet nisi.',25,'1986-02-26 20:42:47','1985-06-03 10:42:23',''),
	(26,'ut','Sequi quia ipsum sed repellendus. Cupiditate non quam illum quos vitae quod. Quia voluptate cumque architecto ad deserunt aut velit quis.',26,'1980-06-07 02:48:27','1987-02-24 19:31:58','\0'),
	(27,'voluptatem','Quibusdam et numquam aperiam est. Qui voluptas facilis deleniti dolores. Iure perspiciatis debitis cum tenetur.',27,'1998-02-16 06:18:04','2005-12-02 08:44:35',''),
	(28,'aut','Aut ex assumenda ut aut animi animi et. Iste in officia dolorum sapiente. Quas aut architecto dignissimos est illo expedita aliquam.',28,'1979-09-18 14:33:29','2000-10-31 21:54:04','\0'),
	(29,'velit','Dolorem quidem necessitatibus dolorem sed tempora et ut aut. Ducimus qui eaque magni in incidunt vel. Exercitationem fugiat cumque optio. Sequi odit praesentium eum veniam vero nemo quia odit.',29,'2000-03-03 21:26:49','1995-08-11 23:08:38',''),
	(30,'consequatur','Aspernatur id amet ut quaerat voluptatem et sint. Fuga saepe qui odit eveniet mollitia. Voluptatem qui ut et magni iusto omnis. Sed itaque laudantium quidem qui at.',30,'2009-02-08 07:10:03','1980-06-05 14:27:35','\0'),
	(31,'eos','Soluta fugiat labore quis et est aut laboriosam minima. Id voluptate voluptate error. Eum accusamus deleniti quia facilis cumque.',31,'1997-11-10 09:22:27','2004-04-08 19:52:53',''),
	(32,'et','Occaecati est doloremque rerum ut voluptates incidunt. Quisquam ipsam rem sunt sapiente et minima occaecati. Similique quia nam maxime explicabo. Numquam beatae asperiores molestias ut consequatur sit libero.',32,'1985-01-16 21:43:17','2010-08-31 21:25:58',''),
	(33,'aut','Deleniti ut iste qui eius sint consequatur voluptate. Voluptas neque facere facere. Dolorem sunt et et vero consectetur sit. Nesciunt ex voluptatibus et alias incidunt aut qui.',33,'1985-06-21 17:14:24','2007-03-24 03:42:15',''),
	(34,'inventore','Qui et suscipit autem dolore. Quae iste et dolor aut dolorem. Vitae velit voluptas delectus molestias.',34,'1999-01-10 08:12:10','1980-12-29 10:13:40',''),
	(35,'earum','Deserunt at et vero esse accusantium illo. Ipsum aut commodi provident pariatur consequatur. Deleniti explicabo omnis vero distinctio laborum velit laudantium.',35,'1999-07-10 18:41:23','1973-03-18 11:24:29','\0'),
	(36,'consectetur','Laborum dolore perferendis culpa eaque nam est tempora. Dolore vel praesentium possimus sint velit ex. Optio commodi et cum.',36,'2004-11-26 18:12:24','1974-06-09 16:17:02','\0'),
	(37,'voluptas','Qui nisi blanditiis doloribus odit aut repellendus omnis dolor. Nostrum dolor aut perspiciatis sapiente magnam asperiores. Natus maxime a quod assumenda sapiente rem et. Maxime quasi repellat voluptatem distinctio necessitatibus debitis.',37,'2001-07-26 04:28:51','2011-12-01 21:45:45','\0'),
	(38,'officia','Aut ad quos id qui. Debitis nihil porro et soluta consequatur qui ut. Vel reprehenderit aut explicabo aliquam rerum laboriosam possimus.',38,'1994-09-28 05:20:38','1996-01-29 04:05:10','\0'),
	(39,'quibusdam','Voluptate dolor doloribus libero consectetur. Odit animi ratione sint rerum eum. Sed eum ea enim quod minus optio. Corrupti non necessitatibus quo qui iusto dolore.',39,'2010-08-30 01:14:41','1974-09-29 01:29:15','\0'),
	(40,'explicabo','Nisi animi est nobis officiis impedit doloremque qui. Quo accusamus tenetur tempore et totam beatae omnis. Quaerat quia quo dolor excepturi ipsa sed maxime fugit. Nihil ratione vitae et earum quidem.',40,'2008-05-17 09:38:37','1994-06-10 22:47:31',''),
	(41,'officia','Rerum nulla ratione alias illo aut dignissimos laudantium. Aut eaque aperiam culpa in voluptas vel enim fugit. Aut et porro iusto optio rerum deserunt iure.',41,'1980-01-16 16:30:55','2017-06-28 16:40:43','\0'),
	(42,'repellat','Explicabo et et quia asperiores. Distinctio rerum enim corporis quia. Aut et perspiciatis aspernatur sapiente fuga iure.',42,'1992-05-01 20:10:18','1973-07-12 11:41:10',''),
	(43,'temporibus','Error reprehenderit rerum animi velit ad repudiandae nesciunt. Velit eius laboriosam doloremque labore non earum. Cumque est odio aliquam non tempora veritatis et. Expedita id maiores qui numquam.',43,'1995-04-27 14:27:31','1987-05-23 00:57:06',''),
	(44,'vel','Placeat consequatur ut asperiores. Deleniti enim sit aut saepe eos quia. Neque impedit accusantium necessitatibus nostrum. Perspiciatis aperiam repellat voluptates omnis eum repudiandae. Harum reiciendis aut corrupti qui commodi.',44,'1980-05-02 22:52:11','1980-10-29 21:57:19','\0'),
	(45,'excepturi','Deleniti omnis et optio rerum sed. In dicta exercitationem ducimus aut et sapiente quidem. Voluptatum quas occaecati et ipsam. Qui quasi tenetur facilis aut.',45,'1985-05-03 22:20:43','1991-08-23 23:00:22','\0'),
	(46,'deleniti','Qui ut et incidunt nihil assumenda quis. Consequuntur aspernatur molestias pariatur aliquid illum accusantium sed.',46,'2009-01-27 18:27:43','1971-03-24 03:46:28',''),
	(47,'voluptatem','Corporis tenetur quod qui dolorem. Repellendus quibusdam officiis mollitia eum assumenda ratione quia. Nobis veniam in nostrum.',47,'1976-05-07 14:36:56','1972-08-23 02:02:58','\0'),
	(48,'quo','Sit velit dicta ut et nam. Optio itaque eveniet iusto est qui pariatur. Qui molestiae incidunt itaque ratione sunt omnis molestias.',48,'2005-01-05 16:09:18','1985-06-27 10:30:30','\0'),
	(49,'officia','Voluptas libero ea provident expedita odit fuga qui praesentium. Adipisci assumenda modi tempore quia. Sint amet voluptatem non nam voluptatem delectus molestiae.',49,'2018-12-21 15:58:45','2004-11-12 22:07:06',''),
	(50,'explicabo','Quo aut impedit est sit voluptatibus. Occaecati sapiente veniam eos quis. Dolores dolorem blanditiis porro sit. Et eveniet occaecati ut eius est.',50,'1974-01-05 13:43:32','1996-01-17 22:14:47',''),
	(51,'blanditiis','Repellendus tempore itaque quo. Exercitationem praesentium nisi ut quam exercitationem non. Facere consequatur qui consequatur et ipsam aut perspiciatis. Quo et harum voluptates impedit.',51,'1971-05-05 11:17:54','2005-01-18 15:37:12','\0'),
	(52,'voluptas','Quod at qui dolor iusto fugit voluptatem quisquam asperiores. Aut inventore dolor odit rerum dignissimos alias voluptatem. Modi itaque incidunt id totam et ut. Quasi vel voluptatem aut dolorem quasi excepturi.',52,'2010-01-05 13:01:44','1994-07-19 10:18:26','\0'),
	(53,'magnam','Rem vel ad iste odit quo neque velit deleniti. Rerum non est voluptas corrupti vel accusantium. Et quo et occaecati dolorem. Est debitis earum debitis id in laboriosam.',53,'2006-10-01 20:25:18','1988-11-27 10:18:13','\0'),
	(54,'qui','Est maxime magni corrupti aut est voluptas. Ut quas est adipisci. Dolorem qui explicabo laborum ut pariatur.',54,'2003-01-28 16:37:08','2000-10-15 15:38:16',''),
	(55,'nihil','Error deserunt est totam quidem. Illum est corporis vel natus laudantium ea. Harum saepe laborum dolorum ut. Facere odio aut qui. Aut impedit in recusandae quisquam expedita harum.',55,'2005-03-21 22:06:32','2008-12-06 23:48:15','\0'),
	(56,'ut','Ducimus repudiandae autem expedita sint nostrum odit nihil. Non ab quas est. Dolor hic dolorem enim distinctio eos. Repellendus omnis quisquam est quia velit.',56,'2009-09-16 12:48:21','1977-09-08 14:58:31',''),
	(57,'consequuntur','Rem commodi distinctio ea nihil nam. Ullam ut qui deleniti illum nihil quo debitis. Aut voluptas delectus consequuntur deserunt.',57,'2014-03-04 16:20:48','2021-08-25 01:54:18','\0'),
	(58,'aut','Id ipsam ex iusto unde alias. Maiores reiciendis exercitationem labore sit vel. Aut officiis in voluptas id. Veniam doloremque quia molestiae sit ut.',58,'2016-09-06 04:45:37','2007-09-24 18:57:11',''),
	(59,'modi','Natus accusantium minus architecto officia aut. Id alias nihil qui occaecati error rem quasi. Labore officia voluptas in quisquam aperiam. Temporibus hic magnam ab.',59,'1987-07-17 02:11:53','2020-01-02 10:17:33',''),
	(60,'non','Sint praesentium veniam provident neque. Molestias unde eos dicta odit qui laborum vitae accusamus. Beatae aut id labore sint aliquid recusandae tenetur voluptatum. Voluptas qui rerum rem in eveniet harum numquam quo.',60,'1989-08-12 05:02:49','2017-01-27 02:37:18',''),
	(61,'labore','Et id corporis quae. Nobis similique est aliquid impedit saepe nobis. Aspernatur minus maxime consectetur et.',1,'2010-08-01 09:17:15','2000-11-03 15:06:31',''),
	(62,'repellendus','Possimus sed nesciunt hic ipsum quasi est ullam. Sed eum aut sit labore necessitatibus. Delectus voluptatem alias quibusdam quam commodi autem similique. Rerum quos voluptatem ipsa aliquid sequi.',2,'2006-06-05 04:50:21','1975-10-07 03:47:13','\0'),
	(63,'ut','Sunt porro necessitatibus neque illo similique quia quidem modi. Pariatur est sit autem eum aperiam molestiae.',3,'1972-08-14 17:09:59','2004-07-02 12:55:41',''),
	(64,'magnam','Odio eum qui quis numquam laboriosam nihil. Itaque aut dolor ab molestiae consectetur accusamus. Voluptas deleniti et eaque quia.',4,'1998-04-29 00:49:20','2004-01-01 22:42:01',''),
	(65,'dolorem','Qui dicta fugit iure error deserunt optio ipsam. Eaque consequatur voluptatibus et dolores. Sit soluta aut enim. Earum harum minima sint.',5,'1972-09-05 22:24:59','2011-11-26 04:07:15','\0'),
	(66,'ducimus','Et dicta possimus tempore quo est ut maiores. Et enim nobis velit distinctio. Vel aliquid omnis quasi neque eos.',6,'1985-05-14 17:28:17','2005-03-18 07:38:20',''),
	(67,'rem','Voluptatem error dolor similique dolore omnis eos. Aut id aut in quibusdam quia. In est dolorem impedit voluptatem aut non consequatur.',7,'2006-10-28 04:22:35','1980-08-10 20:13:21',''),
	(68,'et','Reiciendis ut architecto laboriosam enim temporibus hic. Officiis ducimus velit quidem minus laborum dolore. Suscipit aliquid aliquam voluptatem.',8,'1996-07-04 13:29:03','1987-04-04 21:31:47',''),
	(69,'et','Consectetur sed ratione quia similique omnis consequuntur quas. Vel sint et voluptates veniam optio at et consequatur. Enim molestiae molestias omnis deleniti officia dignissimos dolores.',9,'2012-10-15 20:57:50','2015-11-09 22:30:00','\0'),
	(70,'quo','In aperiam temporibus perferendis reiciendis amet nesciunt hic. Aut quia necessitatibus accusantium ad aspernatur. Eaque non quo dicta aut tempore nemo.',10,'1983-10-25 08:13:57','1973-10-24 08:33:44',''),
	(71,'aut','Ut sint sint et et architecto necessitatibus voluptatum. Nobis sed veniam iste ea in consequatur. Consequatur qui tenetur voluptatem nam est.',11,'2000-12-26 03:42:50','1976-07-02 14:51:56','\0'),
	(72,'omnis','Iste officiis enim iusto. Quas cumque rerum dicta quibusdam blanditiis et dicta. Possimus aut est quo minima pariatur temporibus. Itaque voluptatem beatae nihil.',12,'1987-09-28 06:54:52','2015-05-06 14:34:36','\0'),
	(73,'facere','Ut asperiores aut sapiente debitis sapiente. Quia ut aut enim. Inventore accusamus itaque quidem quia illum autem beatae. Illum reiciendis qui placeat sunt numquam.',13,'1977-10-24 04:17:42','2007-04-11 10:47:41',''),
	(74,'minus','Modi nemo itaque harum. Voluptates sint sequi repudiandae temporibus. Dolor repellat enim et rem est.',14,'1993-01-04 07:01:54','2006-11-21 00:08:20',''),
	(75,'debitis','Ullam voluptatem et doloribus in qui expedita atque. Sunt iusto est voluptas. Facere corrupti beatae et maxime distinctio repudiandae odio sit. Sit culpa cupiditate perspiciatis minima non velit aliquid impedit.',15,'1995-06-30 15:59:20','1999-09-24 19:31:12',''),
	(76,'ut','Ex recusandae quis nam repudiandae aut repellat quidem veniam. Ipsam cupiditate sed ipsa hic accusamus.',16,'1990-09-27 13:56:37','2003-02-13 00:59:43',''),
	(77,'enim','Ut ea at atque exercitationem illum. Molestias aliquid aut voluptatem tenetur ullam. Dolore in voluptas incidunt laudantium omnis. Sed facilis nostrum amet beatae voluptatibus laboriosam.',17,'1996-08-17 00:34:24','1986-03-15 01:37:36',''),
	(78,'reiciendis','Molestias est voluptas quam aut delectus debitis error. Quaerat quod officiis nihil corporis omnis est. Facilis magnam veritatis unde nobis iste voluptate.',18,'1987-03-26 21:34:41','1978-03-26 01:00:07','\0'),
	(79,'totam','Hic quia culpa magnam qui. Iste aut et vero consectetur. Et ea est expedita fuga sint.',19,'1977-06-24 06:50:48','2002-10-06 13:08:58','\0'),
	(80,'soluta','Fuga fugit qui sapiente voluptatum modi. Qui aspernatur sed dicta rerum nemo ullam. Id dolores magnam consequatur corrupti beatae dignissimos tenetur.',20,'1972-06-14 07:47:54','1980-03-22 09:21:41','\0'),
	(81,'qui','Inventore aut laborum earum odit. Odio aut explicabo veniam rerum nesciunt modi sunt. Adipisci deserunt facilis porro autem quia quibusdam.',21,'1981-03-23 13:24:21','2008-07-19 01:55:39',''),
	(82,'praesentium','Et aspernatur rerum iusto eum omnis aspernatur quis est. Deserunt non quia doloribus. Omnis commodi asperiores est eaque incidunt quia delectus similique. Doloremque omnis velit cum architecto consequatur.',22,'2010-06-11 10:37:12','1998-02-15 05:17:05',''),
	(83,'culpa','Quia odio ut exercitationem ducimus. Ea dolore dolore eligendi quod. Nostrum nihil iure porro molestiae veniam voluptatem voluptas.',23,'1992-01-30 04:02:45','1970-09-12 21:20:42','\0'),
	(84,'ratione','Architecto rerum porro rerum reiciendis est. Ut sit neque omnis harum unde suscipit. Aut sunt culpa molestias fuga.',24,'2015-04-25 22:05:32','2003-01-04 04:10:34','\0'),
	(85,'aperiam','Pariatur perferendis vero quia qui fuga animi qui. Aspernatur repellendus sit rerum occaecati velit quisquam ut.',25,'1982-05-07 22:04:06','1999-12-05 18:34:54','\0'),
	(86,'beatae','Accusantium deserunt blanditiis quisquam voluptatem blanditiis. Quaerat et omnis hic voluptas. Tenetur dolorem quod assumenda molestiae et quia.',26,'1980-12-15 15:24:20','2013-04-18 14:10:05','\0'),
	(87,'nisi','Deserunt voluptatum praesentium in vitae. Et itaque voluptas a distinctio minus dicta.',27,'2009-08-03 09:54:10','2000-03-29 14:04:56',''),
	(88,'cupiditate','Qui labore autem qui fugit aut commodi. Facere commodi alias quo illum corporis quas cumque. Vel nisi eligendi labore unde.',28,'1977-01-28 09:13:27','2008-06-11 17:14:49',''),
	(89,'consequatur','Omnis doloremque facere nam qui. Saepe suscipit doloremque voluptatem non incidunt iusto sed.',29,'2008-01-18 17:55:48','1971-09-09 14:46:06','\0'),
	(90,'modi','Facilis enim est quae voluptatem ratione non sint. Libero rerum sed et animi quia at autem.',30,'1995-04-07 16:19:43','1998-10-30 00:40:26',''),
	(91,'quod','Vitae dolorem non corrupti velit explicabo. Ad non totam quia impedit aliquam harum. Dolorem facere veniam rerum quas amet ut non.',31,'1983-12-24 14:32:12','1987-11-08 13:43:06','\0'),
	(92,'fuga','Aut occaecati vitae ratione adipisci qui. Commodi a architecto et ut est. Velit nemo eos ipsa ut voluptas possimus.',32,'1983-01-31 14:50:31','1990-08-29 20:18:55',''),
	(93,'velit','Quibusdam culpa sunt dolores maxime voluptas ut. Ipsa quo dolor aut in occaecati. Consequatur et et alias fugiat sed blanditiis. Nesciunt beatae perferendis quis.',33,'2016-01-06 19:01:14','1996-11-17 10:31:31','\0'),
	(94,'assumenda','Nihil numquam aut eaque. Dolorem suscipit voluptatem iure assumenda rerum dolorum libero. Sint nesciunt omnis sint sed non. Ratione quaerat dolorem adipisci sit.',34,'1970-08-07 08:28:04','1990-08-25 17:23:08','\0'),
	(95,'tempore','Sit assumenda vitae sunt voluptas accusantium. In quae labore iste ratione quia ratione. Libero voluptatem ut aut. Distinctio corporis quas autem molestias quia magnam.',35,'1992-02-07 13:03:31','1998-04-13 19:08:19',''),
	(96,'accusantium','Eum assumenda accusantium voluptate fugiat qui dolorem. Qui beatae nulla nihil dolorum odit.',36,'2008-11-21 09:01:54','2001-04-08 03:13:40','\0'),
	(97,'dignissimos','Autem optio animi voluptas. Unde eos corrupti at facilis necessitatibus. Impedit sed eos sunt consequatur unde quibusdam sed. Sint quae sequi odio cupiditate.',37,'1993-12-29 14:21:46','1999-10-12 15:47:34','\0'),
	(98,'aut','Porro nisi est eum minima ut minima vitae. Porro voluptatibus facilis praesentium accusamus earum aliquam. Odit harum qui architecto occaecati aut qui.',38,'2020-05-04 21:49:53','2012-05-01 18:54:15',''),
	(99,'repellat','Maiores earum repellendus et doloribus rerum id officiis. Sed libero saepe repudiandae non veritatis sit recusandae. Quaerat velit sapiente optio assumenda reprehenderit.',39,'2018-09-29 19:14:18','1998-11-15 07:04:38',''),
	(100,'consequuntur','Illum cupiditate tenetur dolore ducimus vitae dolor. Reiciendis sunt eligendi eum mollitia et veniam. Laboriosam omnis sit aut quo laborum ipsam laboriosam. Sit ut deleniti et quis atque voluptatem voluptatem.',40,'2011-03-16 15:36:43','2011-03-04 14:58:02',''),
	(101,'ut','Aperiam quis assumenda nesciunt non dolores. Minima est eius rerum veritatis ratione. Et eveniet molestiae expedita quas recusandae.',41,'2008-09-18 02:09:23','1976-06-04 20:04:41','\0'),
	(102,'corrupti','Qui minus occaecati repellendus vitae voluptatem corrupti pariatur. Itaque libero aut eaque est eos. Facere fuga totam debitis dolorem aut quia delectus.',42,'2011-04-18 17:04:38','2017-01-29 22:19:03','\0'),
	(103,'sed','Et porro dolore facere ut. Enim quaerat architecto quis ducimus. Et consequatur quia voluptatem quos.',43,'1985-06-12 01:35:13','1976-11-19 22:04:24',''),
	(104,'ut','Eum dolor saepe modi officia a. Autem ad odit numquam qui et. Itaque aut nihil eligendi qui ad. Exercitationem quia eum qui.',44,'1991-04-19 17:29:58','1991-07-27 19:58:00',''),
	(105,'tempora','Aut omnis deserunt ipsum. Quod dolor asperiores ut ea. Possimus fugit repellendus omnis aperiam hic alias ipsa.',45,'2019-03-29 22:41:07','2005-05-07 09:04:27','\0'),
	(106,'eum','Adipisci quam modi et totam suscipit labore. Cupiditate eveniet est eos numquam consequatur rerum. Harum omnis magnam quia quia maxime. Dolore quisquam sed incidunt debitis aspernatur esse.',46,'1997-04-17 13:13:07','2006-05-16 08:20:06','\0'),
	(107,'fugit','Dolore accusamus sapiente nihil dolorem. Omnis id ex et et nihil veniam. Maiores quidem ut velit quo aperiam animi unde. Libero mollitia sint eos.',47,'1982-04-15 18:14:22','1980-11-18 22:40:32',''),
	(108,'aut','Vero qui quia nulla eum eveniet quia officiis. Et earum suscipit corporis quos in. Nihil nihil quos vel explicabo optio. Atque facere corporis quaerat.',48,'1996-06-11 18:01:07','1974-10-06 13:31:23',''),
	(109,'sit','Quo provident voluptatum aspernatur similique libero rerum aspernatur. Assumenda vitae aliquid quidem adipisci. Eos velit voluptas quidem ex saepe provident.',49,'2008-08-19 03:05:05','2021-04-13 05:26:25',''),
	(110,'laborum','Soluta et sit accusantium facilis ex. Quis iste exercitationem eos delectus incidunt et. Autem quos amet qui ut sed vero ut.',50,'1973-05-09 18:48:56','2007-08-11 23:50:57','\0'),
	(111,'unde','Dolores quam sapiente nisi doloremque. Vel pariatur est ut nesciunt eius aut sit nam. Omnis ratione voluptatem voluptates ex reprehenderit non. Autem sunt alias quis quia.',51,'2000-08-15 06:47:13','1987-12-26 08:39:14','\0'),
	(112,'fugit','Natus beatae rerum delectus laudantium quisquam veniam repellendus nihil. Sit blanditiis velit natus earum necessitatibus. Possimus voluptas earum rerum exercitationem cumque.',52,'2006-11-19 22:39:39','1972-02-09 22:48:24','\0'),
	(113,'et','Rem assumenda totam officiis ea qui reprehenderit aspernatur. Officiis et officia et quidem molestias laudantium sequi. Corporis voluptatem voluptatem et dolore aliquam incidunt voluptate.',53,'1986-08-24 08:08:05','1975-06-30 02:30:27','\0'),
	(114,'enim','Consequuntur veniam ut aut voluptas quo. Earum quibusdam ullam quis illo provident in odit consequatur. Aliquam est debitis ex laboriosam hic asperiores voluptatem.',54,'2012-11-27 09:26:46','2003-05-24 18:13:42',''),
	(115,'laborum','Non blanditiis illum fugit autem. Facilis earum ipsum id ut. Ab libero facere porro unde nostrum laborum sit.',55,'1975-11-22 11:00:14','1983-05-31 13:04:20',''),
	(116,'et','Consequatur quas officiis consequatur qui neque minima aperiam. Incidunt maiores blanditiis odio modi qui voluptatibus. Vero voluptates quibusdam iure eligendi alias perspiciatis eveniet. Officiis omnis repellat sit ipsum quia eum.',56,'2012-12-04 13:19:45','2005-02-22 08:00:08',''),
	(117,'laudantium','Suscipit ut iusto hic omnis vel ut. Eos iste mollitia ipsa aut est. Labore voluptatem odio ex.',57,'1991-12-17 10:41:47','1991-02-09 12:53:16','\0'),
	(118,'a','Debitis expedita sint commodi atque enim qui. Provident ipsam nihil et consectetur possimus. Nesciunt labore voluptatem est placeat unde nostrum autem. Dolor voluptas velit et nihil necessitatibus aut id.',58,'1989-01-02 21:06:00','2009-08-14 01:11:12',''),
	(119,'non','Maxime modi deleniti voluptatem atque labore rerum unde magni. Praesentium nesciunt aut alias culpa nam quis.',59,'2003-05-13 03:08:04','2005-12-04 01:41:44',''),
	(120,'ut','Adipisci assumenda aperiam esse laboriosam dolorem sint occaecati. Alias est accusamus incidunt est et dignissimos. Itaque reprehenderit non omnis.',60,'2005-04-20 11:47:40','2010-07-01 11:39:35','\0'),
	(121,'eos','Earum iste aut aperiam provident molestiae autem voluptatum error. Velit qui quaerat porro qui dignissimos. Vero et harum id nihil.',1,'2008-10-14 03:48:42','2008-09-29 21:36:12',''),
	(122,'fugit','Ut qui aut dolorum quis magnam dolorem. Veniam ipsa nemo non quas laudantium. Saepe excepturi cupiditate mollitia earum. Adipisci illum eligendi quo corrupti a vel.',2,'2002-05-11 23:42:14','2009-01-29 06:50:38',''),
	(123,'eaque','Aperiam hic facilis maxime sint autem. Non rerum ex consequatur aperiam sed quo. Quidem et placeat est ipsum at magnam.',3,'1999-05-09 14:59:52','1983-05-10 18:01:35',''),
	(124,'ut','Natus id esse itaque aliquam et explicabo vero voluptas. Sunt consequatur magnam ea ut.',4,'1980-05-17 09:16:17','1997-07-12 09:09:37','\0'),
	(125,'molestias','Velit qui exercitationem in quis omnis incidunt. Numquam ut consequatur voluptas voluptatem. Dolor sed delectus adipisci nulla.',5,'2013-07-01 17:17:59','1981-05-09 09:30:04',''),
	(126,'voluptatem','Et perspiciatis magni accusamus voluptatibus voluptas totam. Et nisi voluptatem et ipsa non. Dolores vero ipsam assumenda a incidunt est. Cupiditate est quaerat officia et.',6,'2012-08-10 15:58:49','2009-08-19 20:43:41',''),
	(127,'fugiat','Amet quisquam qui qui a. Qui asperiores maxime officia. Quia alias inventore minima vel inventore. Et rerum laudantium rerum ut est beatae.',7,'2021-03-15 08:40:41','1970-09-07 18:08:59',''),
	(128,'temporibus','Aperiam iure ipsum fugiat qui. Perspiciatis qui perferendis modi sapiente nihil quo et temporibus. Aut tempore necessitatibus autem doloremque. Rem quia commodi ut dolorem officiis illum error.',8,'2019-09-22 10:07:45','2016-11-21 06:13:02','\0'),
	(129,'illo','Quisquam velit et corporis dolorem saepe. Rem est quo maiores est. Illo dolor dolorum ipsa aut consequatur dolores. Molestias eum culpa maiores.',9,'1997-10-28 06:58:35','1977-08-24 11:37:53','\0'),
	(130,'eos','Aperiam qui perspiciatis est. Aut consectetur expedita eaque unde sequi deserunt repellat. Molestiae qui vitae unde est dolores corrupti fugit. Aut enim dolor facere et assumenda expedita et.',10,'1998-02-07 20:46:32','1993-08-17 17:43:48',''),
	(131,'error','Ratione ullam quia odit quis voluptatem inventore est neque. Et quasi dolorum et incidunt iure quisquam alias officia.',11,'2001-10-22 11:44:08','2005-07-31 17:16:03','\0'),
	(132,'asperiores','Asperiores doloremque vel repellendus dolores nihil quibusdam. Dolore doloribus molestiae porro vitae voluptas repellat alias cumque. Blanditiis ex fugiat iste iusto error odio optio. Amet vero voluptates delectus veniam voluptatibus eos.',12,'2012-12-29 18:08:37','2005-09-20 13:37:02',''),
	(133,'at','Et et et fugit voluptas qui. Laboriosam hic rerum reiciendis tempore alias. Et neque incidunt quia fugit. Sit eaque accusamus aut sed.',13,'1985-11-24 21:02:47','2011-03-27 07:47:17','\0'),
	(134,'autem','Et commodi ut excepturi. Cumque ipsa voluptatem et voluptatibus laborum deleniti. Facilis quisquam aut magni voluptatem illo alias. Tempora ut velit similique cupiditate inventore pariatur.',14,'2014-03-25 23:19:34','1977-05-18 12:06:23','\0'),
	(135,'molestias','Suscipit consequuntur incidunt deserunt consequuntur aut asperiores dolore. Sed voluptatem voluptatum autem quibusdam eos perspiciatis sint. Molestias nam vel mollitia dolores necessitatibus laboriosam. Voluptates voluptas et a eos nihil necessitatibus qui.',15,'1982-12-03 04:39:39','2014-07-06 02:06:27',''),
	(136,'odit','Beatae qui neque sed sapiente. Quia exercitationem qui tempore quo. Provident tempora inventore ex sit ipsum occaecati harum. Laudantium adipisci vel non et ab.',16,'2012-04-26 22:50:24','1972-03-28 07:36:27',''),
	(137,'eaque','Odit error illum necessitatibus rerum. Eum ipsam eum nobis. Corporis laudantium cum voluptatem maxime qui. Consequatur vel est quia. Nemo eos omnis sint repudiandae tempore eum odit aspernatur.',17,'1996-10-13 02:17:38','2018-04-17 16:41:00',''),
	(138,'velit','Eius adipisci et dolorem. Et sed odio praesentium voluptatem ullam animi consequatur. Iste qui sunt impedit facilis rerum repellat omnis asperiores.',18,'2015-04-15 05:27:11','1984-09-02 21:40:03',''),
	(139,'ut','Commodi ut expedita explicabo fugit perferendis in necessitatibus. Quis nobis quia voluptas dolore ducimus doloremque. Et quisquam dolor praesentium expedita sit ipsum sunt. Non error ducimus similique commodi veritatis recusandae corrupti.',19,'1981-01-25 08:10:08','2009-12-19 00:10:34','\0'),
	(140,'quidem','Explicabo architecto perferendis nihil. Velit soluta repellat voluptatem quis natus.',20,'1986-09-08 06:15:20','2019-02-28 23:11:16','\0'),
	(141,'quisquam','Enim ratione et exercitationem fugit voluptate aut eum. Cupiditate architecto ad inventore inventore. Dolores dolores voluptatem nostrum et expedita assumenda perspiciatis. Exercitationem reiciendis molestias neque voluptatum illum voluptatem eos.',21,'2015-11-13 06:42:37','2004-09-27 09:08:12',''),
	(142,'autem','Cumque quam dolorem dolorem et. Velit nobis voluptates provident distinctio laborum et. Mollitia fugiat enim sunt labore et enim laudantium.',22,'1970-03-17 17:05:47','1970-07-09 21:37:54','\0'),
	(143,'earum','Facilis magni autem voluptate modi alias repellat laborum laboriosam. Neque eum qui in provident eligendi. Sed ea quis aut non sequi.',23,'1986-11-14 07:19:41','1973-04-13 19:46:23',''),
	(144,'esse','Et eius neque sed rerum. Ducimus qui iure tempore consectetur placeat fuga. Quibusdam consequatur error possimus perspiciatis ab voluptatibus pariatur.',24,'1976-12-14 20:34:42','1993-03-13 06:46:52','\0'),
	(145,'odit','Repellendus voluptatem in sapiente laborum nulla eaque molestiae placeat. Voluptatem consequatur non dolores perferendis explicabo in officiis. Accusantium voluptatum rerum velit fuga ut. Velit molestias et qui modi ex quia maxime. Rerum debitis alias in deserunt quia possimus explicabo.',25,'2014-07-31 10:48:32','1979-06-22 22:36:18','\0'),
	(146,'accusantium','Veniam nesciunt qui non sit totam non dolores eos. Vel ut dolores assumenda explicabo labore. Ipsum aut et aut est. Eaque illum iusto atque provident maxime.',26,'1979-12-12 07:16:00','1970-12-27 01:42:52',''),
	(147,'ut','Eos eveniet non doloribus natus voluptatibus nemo fuga. Non sit voluptatem in magni nulla sit reprehenderit ullam. Qui aliquid rem quo. Suscipit non minima aut voluptatem autem.',27,'1979-10-01 05:57:50','2019-11-26 02:29:07','\0'),
	(148,'cupiditate','Aspernatur assumenda quo quidem fugiat. Sequi ut quisquam autem. Vero dolorem similique magnam distinctio voluptatem.',28,'2021-01-05 06:34:30','2019-11-13 10:55:34','\0'),
	(149,'dolores','Amet vel ad doloremque voluptatem autem autem. Non veniam eum omnis quae sint. Aspernatur reiciendis natus rerum ea nihil animi. Quia aut id tenetur ex modi culpa ipsam laborum.',29,'2004-10-24 18:34:09','2018-11-09 11:24:08',''),
	(150,'magni','Molestias ut aut odio et recusandae ea. Aut totam maxime sequi et maxime. Modi enim suscipit qui totam. Veritatis est vel quisquam.',30,'2018-07-29 04:59:19','1990-06-15 14:38:04','\0'),
	(151,'assumenda','Ut eum odit ea consectetur. Molestiae dolorem autem et reiciendis. Quam et sapiente natus iure voluptas.',31,'2011-11-09 17:04:46','1992-02-08 09:16:17','\0'),
	(152,'nemo','Veritatis esse illo dignissimos rerum vel. Non reiciendis nemo ipsa dignissimos aliquam ut distinctio. Exercitationem recusandae amet rem sint consequatur ut et. Error aliquam et magnam nulla alias. Praesentium neque minus blanditiis quia reiciendis sit consequatur voluptatem.',32,'1985-11-08 15:28:51','2015-04-16 01:27:27',''),
	(153,'sunt','Facilis dolore quo soluta facilis officia optio veniam ut. Et et eligendi optio et est. Veritatis expedita magnam doloribus neque. Facere ullam provident consequatur natus quo repellendus nihil velit.',33,'1982-04-26 22:15:35','1987-11-14 23:05:08',''),
	(154,'quo','Fugit adipisci laboriosam tempora est. Repellat maiores maxime cum nihil praesentium. Dolor ea voluptas corrupti blanditiis sint cum amet et.',34,'1973-11-13 03:56:31','2013-05-29 20:17:47','\0'),
	(155,'architecto','Fugiat tempore expedita nesciunt vel libero vero ducimus eum. Distinctio nisi cum iste. Atque assumenda voluptate asperiores nemo maxime itaque dolores.',35,'2014-07-25 21:06:33','1994-12-24 17:33:38',''),
	(156,'omnis','Voluptatum enim aut consequuntur ut et voluptatibus. Perferendis eos officiis minus veniam qui. Consequatur et aspernatur maxime voluptas. Error aut nulla facilis aliquid sit ipsam.',36,'1986-03-10 19:14:46','2005-06-29 09:28:31','\0'),
	(157,'autem','Ut minus minus aut atque voluptatibus adipisci. Nihil at eveniet accusantium quia repellat. Ut sunt expedita reiciendis et. Adipisci repellat quia nam est illo quis inventore dolorum.',37,'2017-10-03 16:10:40','1998-09-30 19:03:01','\0'),
	(158,'sunt','Est error quia sint quod sed. Aut sunt quaerat quo aspernatur expedita provident accusamus.',38,'2008-06-28 10:24:00','2015-01-05 08:05:53',''),
	(159,'nemo','Debitis facilis et nulla optio temporibus perspiciatis. Est saepe maiores corrupti omnis maxime.',39,'2020-09-11 10:00:10','1971-11-15 11:47:26','\0'),
	(160,'et','Consequuntur impedit consequatur animi quisquam quas. Dignissimos natus quia sed ut incidunt vero. Tenetur aut ab sint aut sed.',40,'2014-10-09 19:47:26','2001-10-06 19:32:05','\0'),
	(161,'aliquid','Exercitationem porro beatae quam non nihil tempore repudiandae. Omnis similique ex ipsum. Architecto commodi officiis esse voluptatem quis velit ea. Quia reiciendis commodi tempora veritatis enim.',41,'1990-03-30 14:50:20','1977-08-09 13:06:10','\0'),
	(162,'aliquam','Enim consectetur ut amet eligendi. Pariatur mollitia quod debitis laudantium vitae ut non. Qui cupiditate maiores ea. Consequatur est reiciendis temporibus eos itaque modi sed aut.',42,'1989-07-18 02:10:00','2009-08-30 16:11:29','\0'),
	(163,'quo','Eos necessitatibus itaque voluptatem. Repellendus reprehenderit eaque quas ut illo. Expedita voluptatibus omnis aut autem. Eos laudantium pariatur quibusdam quam corrupti corporis vel.',43,'1986-07-20 08:53:40','1994-10-09 21:30:16','\0'),
	(164,'quis','Fugit explicabo corporis perferendis magni. Autem qui beatae mollitia. Quae sunt optio mollitia quisquam incidunt. Nam placeat dignissimos perspiciatis eum ut quisquam.',44,'2019-05-19 01:52:24','1987-01-31 12:11:28','\0'),
	(165,'corporis','Ea ipsum et earum unde at animi. Sed a velit laborum.',45,'2011-04-22 20:50:00','2001-03-23 20:40:27','\0'),
	(166,'et','Voluptas architecto voluptatem nobis ut. Voluptatum quae recusandae consequuntur et corrupti quasi. Ea et et vitae id magnam.',46,'2009-01-24 11:36:39','2017-03-11 21:30:04','\0'),
	(167,'labore','Deserunt totam in nihil ut unde laborum aut omnis. Quos perspiciatis perspiciatis inventore aut repellat in et sint. Ipsum sint quas voluptatem aut est. Cumque dolor veritatis in molestiae quia sint.',47,'2020-05-26 00:25:10','1971-10-17 16:34:51','\0'),
	(168,'est','Est nemo ut quasi quaerat blanditiis rerum voluptatem. Tempore aut aut reprehenderit harum tenetur libero. Autem magni voluptatem expedita quas sed consequatur quisquam. Labore cumque magnam sequi voluptatem magnam asperiores.',48,'1990-09-23 06:22:20','2017-02-05 19:45:46',''),
	(169,'quam','Sed earum qui occaecati minus animi explicabo. Dolorem qui sed nesciunt. Perferendis inventore non optio maxime iste error. Voluptatum et ab cum porro nam mollitia quia sint.',49,'2017-08-02 11:53:46','1983-05-31 13:00:18','\0'),
	(170,'nam','Est debitis deserunt eos. Explicabo tempore autem id quo non ipsum. Eos asperiores tenetur et asperiores. Odit veniam voluptas iure rerum laudantium.',50,'1987-12-05 05:24:00','2011-10-29 00:02:27','\0'),
	(171,'itaque','Voluptates laudantium odio delectus possimus ullam. Molestiae reiciendis et quasi eos qui ducimus. In consequuntur natus ut neque.',51,'1989-07-04 15:24:21','1982-02-15 06:42:17',''),
	(172,'architecto','Ut soluta aut ut earum. Enim velit sed tenetur earum aut eos labore id. Et sequi est vero expedita adipisci rerum.',52,'2012-06-26 19:52:07','2015-04-29 15:09:26',''),
	(173,'velit','Incidunt molestiae vitae ipsa voluptatem corrupti magnam. Incidunt voluptatum voluptas numquam fugiat tempora. Qui natus optio voluptas dolores et facere. Et reprehenderit minima quis repellendus totam et.',53,'1994-12-04 16:36:14','2017-06-04 05:40:32','\0'),
	(174,'et','Sint velit totam ut consectetur. Deleniti reiciendis veritatis omnis totam assumenda. Sapiente aut sit commodi amet.',54,'2021-07-31 10:13:45','1984-09-16 14:12:01',''),
	(175,'ducimus','Tempora sed voluptatem voluptatem reprehenderit. Accusantium illo at facilis fugiat quisquam occaecati excepturi est. Dicta blanditiis labore architecto nesciunt.',55,'1996-09-22 14:59:18','1996-12-06 00:40:21',''),
	(176,'et','Impedit libero eaque quaerat consequuntur sint. Quaerat voluptate ut est laudantium quo quis et occaecati. Sunt accusantium qui porro maxime laboriosam.',56,'2006-09-11 19:36:57','1988-05-09 03:01:10','\0'),
	(177,'qui','Aperiam reiciendis labore occaecati dolorem labore vero aliquid. Earum excepturi quibusdam alias impedit. Sint omnis quo incidunt architecto non. Molestias non repellendus corporis magni quasi rerum.',57,'2016-06-16 01:54:15','1973-08-12 00:00:37',''),
	(178,'dolorem','Ab consequatur sequi at sit fugit omnis aut et. Et ut animi omnis saepe magnam. Rerum perspiciatis consequuntur neque repudiandae qui.',58,'1994-02-26 11:53:35','2004-12-09 04:00:10',''),
	(179,'eveniet','Dolore fuga quas illo facilis aspernatur explicabo. Nihil placeat et voluptas.',59,'1997-12-20 02:27:10','2012-09-07 15:13:20',''),
	(180,'quasi','Doloribus non tempore consectetur fuga nesciunt. Et beatae et blanditiis mollitia voluptas eos. Et neque provident laudantium voluptatem officia. Praesentium adipisci et at consequatur reprehenderit cum veniam consequuntur.',60,'1988-11-28 05:51:49','2017-12-03 13:18:38','\0');

-- 6. Наполнение таблицы история просмотров:
INSERT INTO `history` (`id`, `video_id`, `user_id`, `viewed_at`) VALUES
	(1,1,1,'1990-06-08 08:02:59'),
	(2,2,2,'1975-10-11 11:18:10'),
	(3,3,3,'1970-03-17 22:15:35'),
	(4,4,4,'1984-09-01 09:06:58'),
	(5,5,5,'1998-07-18 11:48:19'),
	(6,6,6,'2010-11-15 02:39:30'),
	(7,7,7,'1981-04-26 16:17:41'),
	(8,8,8,'1988-08-06 02:17:12'),
	(9,9,9,'2013-12-06 16:49:32'),
	(10,10,10,'1977-06-03 04:41:21'),
	(11,11,1,'1987-01-15 04:48:59'),
	(12,12,2,'1985-01-07 21:08:26'),
	(13,13,3,'1993-03-11 02:57:15'),
	(14,14,4,'2012-10-02 11:52:16'),
	(15,15,5,'2012-08-12 04:41:23'),
	(16,16,16,'1982-01-09 14:55:03'),
	(17,17,17,'2011-07-27 12:44:15'),
	(18,18,18,'1971-10-28 09:40:38'),
	(19,19,19,'1994-09-07 04:26:21'),
	(20,20,20,'1983-11-06 14:41:23'),
	(21,21,1,'2012-10-14 13:59:57'),
	(22,22,2,'2014-07-05 21:19:33'),
	(23,23,3,'2011-06-27 20:43:31'),
	(24,24,4,'1977-11-01 02:54:06'),
	(25,25,25,'1981-02-03 06:39:36'),
	(26,26,26,'1985-10-18 05:14:30'),
	(27,27,27,'1971-03-14 02:22:58'),
	(28,28,28,'2011-03-07 10:42:42'),
	(29,29,29,'1980-12-18 21:54:57'),
	(30,30,30,'2006-04-29 18:56:11'),
	(31,31,31,'2004-03-27 01:24:49'),
	(32,32,32,'1973-03-02 21:30:39'),
	(33,33,33,'1976-09-16 17:52:26'),
	(34,34,34,'2021-09-25 23:49:01'),
	(35,35,35,'2014-10-30 08:05:46'),
	(36,36,36,'2019-08-13 18:00:50'),
	(37,37,37,'2005-06-29 13:34:30'),
	(38,38,38,'2011-05-05 09:19:59'),
	(39,39,39,'1996-10-20 00:45:07'),
	(40,40,40,'2001-08-02 19:43:36'),
	(41,41,1,'2015-09-22 05:38:01'),
	(42,42,2,'1978-04-09 20:17:14'),
	(43,43,43,'1998-07-26 04:32:13'),
	(44,44,44,'1976-01-01 18:36:30'),
	(45,45,45,'2021-03-30 17:05:19'),
	(46,46,46,'2010-02-18 14:49:40'),
	(47,47,47,'2021-08-20 00:56:11'),
	(48,48,48,'1985-07-30 13:35:28'),
	(49,49,49,'1982-07-22 07:34:09'),
	(50,50,50,'1991-06-23 21:01:46'),
	(51,51,51,'1971-05-01 01:55:04'),
	(52,52,52,'2009-09-05 20:40:45'),
	(53,53,53,'1992-05-08 23:46:52'),
	(54,54,54,'1977-05-20 03:12:56'),
	(55,55,55,'2018-08-05 01:50:35'),
	(56,56,56,'2005-12-30 07:25:23'),
	(57,57,57,'1979-09-11 20:16:26'),
	(58,58,58,'1988-06-12 03:56:16'),
	(59,59,59,'1990-12-20 09:56:41'),
	(60,60,60,'1982-03-09 04:18:38'),
	(61,61,61,'1997-10-17 15:23:39'),
	(62,62,62,'1995-07-26 13:25:22'),
	(63,63,63,'1970-09-25 07:03:39'),
	(64,64,64,'1992-04-28 13:10:44'),
	(65,65,65,'2000-08-19 01:34:37'),
	(66,66,66,'2005-11-18 01:30:02'),
	(67,67,67,'1977-04-26 19:50:51'),
	(68,68,68,'1978-04-06 09:39:32'),
	(69,69,69,'2008-07-20 04:31:17'),
	(70,70,70,'1983-07-03 23:57:38'),
	(71,71,71,'2014-08-04 20:30:52'),
	(72,72,72,'1975-10-22 10:06:23'),
	(73,73,73,'2013-01-05 13:48:39'),
	(74,74,74,'1973-05-28 12:20:27'),
	(75,75,75,'1993-04-05 23:25:26'),
	(76,76,76,'2010-10-14 18:11:56'),
	(77,77,77,'1992-07-12 21:27:04'),
	(78,78,78,'1998-11-27 20:46:00'),
	(79,79,79,'2000-08-19 17:33:10'),
	(80,80,80,'1987-02-03 21:01:46'),
	(81,81,81,'1984-08-12 03:36:47'),
	(82,82,82,'1983-08-15 22:46:09'),
	(83,83,83,'2009-10-13 10:35:09'),
	(84,84,84,'1982-08-18 20:46:08'),
	(85,85,85,'1989-05-01 18:21:40'),
	(86,86,86,'2005-11-01 10:42:52'),
	(87,87,87,'2011-10-24 08:37:50'),
	(88,88,88,'2003-11-11 02:48:10'),
	(89,89,89,'2002-12-10 21:03:30'),
	(90,90,90,'1978-08-20 03:49:19'),
	(91,91,91,'1977-07-20 18:27:26'),
	(92,92,92,'1993-06-21 23:27:53'),
	(93,93,93,'1976-09-08 11:57:31'),
	(94,94,94,'2018-12-12 15:27:02'),
	(95,95,95,'2019-04-19 01:20:10'),
	(96,96,96,'1996-01-13 13:50:37'),
	(97,97,97,'1980-01-18 23:30:47'),
	(98,98,98,'1987-06-19 02:18:08'),
	(99,99,99,'2009-02-22 18:51:09'),
	(100,100,100,'1971-09-30 12:55:06'),
	(101,101,1,'1993-02-15 04:52:01'),
	(102,102,2,'2005-06-24 15:23:24'),
	(103,103,3,'2002-01-15 10:15:31'),
	(104,104,4,'1973-10-30 08:10:39'),
	(105,105,5,'2000-02-09 12:15:08'),
	(106,106,6,'1980-12-22 19:45:13'),
	(107,107,7,'1980-09-15 04:52:16'),
	(108,108,8,'2006-05-28 03:52:38'),
	(109,109,9,'1988-07-07 06:33:14'),
	(110,110,10,'1991-10-23 10:00:19'),
	(111,111,11,'1989-12-23 23:56:04'),
	(112,112,12,'2001-02-14 18:25:04'),
	(113,113,13,'1979-08-27 20:03:23'),
	(114,114,14,'2009-12-10 05:45:47'),
	(115,115,15,'1976-03-28 05:05:14'),
	(116,116,16,'1989-03-23 14:14:29'),
	(117,117,17,'1994-03-20 07:32:07'),
	(118,118,18,'1971-02-15 14:58:25'),
	(119,119,19,'2013-06-21 10:49:57'),
	(120,120,20,'2003-03-11 14:55:36'),
	(121,121,21,'1973-03-02 08:24:55'),
	(122,122,22,'2012-09-09 23:46:39'),
	(123,123,23,'1993-02-19 02:46:43'),
	(124,124,24,'2006-09-02 19:26:47'),
	(125,125,25,'2007-01-06 00:24:08'),
	(126,126,26,'1976-01-20 12:15:50'),
	(127,127,27,'1991-01-24 22:48:35'),
	(128,128,28,'1991-05-10 23:01:26'),
	(129,129,29,'1989-07-24 00:31:22'),
	(130,130,30,'1989-06-18 04:48:44'),
	(131,131,31,'1998-04-11 18:43:58'),
	(132,132,32,'1994-05-11 07:52:41'),
	(133,133,33,'1998-11-01 09:19:00'),
	(134,134,34,'1997-05-23 13:44:19'),
	(135,135,35,'2008-08-25 20:10:44'),
	(136,136,36,'2002-02-21 02:24:19'),
	(137,137,37,'2006-01-16 17:26:01'),
	(138,138,38,'2015-12-01 04:09:24'),
	(139,139,39,'1980-07-08 00:33:45'),
	(140,140,40,'2007-11-23 05:10:58'),
	(141,141,41,'1999-10-02 08:47:19'),
	(142,142,42,'1990-03-07 05:24:42'),
	(143,143,43,'1979-06-27 20:47:55'),
	(144,144,44,'1979-04-25 15:49:55'),
	(145,145,45,'1987-03-20 05:46:09'),
	(146,146,46,'2005-05-22 23:13:16'),
	(147,147,47,'2002-11-14 13:10:05'),
	(148,148,48,'1986-03-17 19:52:51'),
	(149,149,49,'1996-03-29 14:35:28'),
	(150,150,50,'1999-02-08 23:38:14'),
	(151,151,51,'1999-12-09 10:14:05'),
	(152,152,52,'2007-12-31 20:01:01'),
	(153,153,53,'2008-06-11 22:06:32'),
	(154,154,54,'2020-04-06 13:21:10'),
	(155,155,55,'2013-12-08 20:21:44'),
	(156,156,56,'2000-05-14 00:28:25'),
	(157,157,57,'1991-11-21 11:42:39'),
	(158,158,58,'1990-11-11 04:39:20'),
	(159,159,59,'1987-04-13 06:42:24'),
	(160,160,60,'1982-04-25 05:46:54'),
	(161,161,61,'1979-02-19 21:48:34'),
	(162,162,62,'2008-10-19 20:10:29'),
	(163,163,63,'1996-09-27 04:30:23'),
	(164,164,64,'1993-07-04 16:58:58'),
	(165,165,65,'2014-10-16 14:03:58'),
	(166,166,66,'2009-07-11 21:33:40'),
	(167,167,67,'1977-04-04 22:25:09'),
	(168,168,68,'1974-09-23 08:57:01'),
	(169,169,69,'2011-10-24 10:52:01'),
	(170,170,70,'1976-07-27 21:47:32'),
	(171,171,71,'2004-09-03 17:56:12'),
	(172,172,72,'1977-04-08 20:53:02'),
	(173,173,73,'1984-01-15 10:36:20'),
	(174,174,74,'2021-02-01 14:45:09'),
	(175,175,75,'1971-05-01 19:14:31'),
	(176,176,76,'1972-02-27 21:25:02'),
	(177,177,77,'1987-02-24 06:33:17'),
	(178,178,78,'1997-03-20 03:25:57'),
	(179,179,79,'1990-02-01 15:41:14'),
	(180,180,80,'2017-03-30 16:00:08'),
	(181,1,81,'1985-06-15 07:37:24'),
	(182,2,82,'2016-06-01 13:06:37'),
	(183,3,83,'2008-03-14 12:50:36'),
	(184,4,84,'2018-02-21 09:19:50'),
	(185,5,85,'1985-09-18 13:01:41'),
	(186,6,86,'2004-09-30 08:31:07'),
	(187,7,87,'1981-08-29 01:52:15'),
	(188,8,88,'2019-08-18 12:47:08'),
	(189,9,89,'2005-10-14 19:05:30'),
	(190,10,90,'1980-05-09 22:05:15'),
	(191,11,91,'1974-05-11 22:34:05'),
	(192,12,92,'2017-06-30 22:06:47'),
	(193,13,93,'1983-12-06 10:58:00'),
	(194,14,94,'1993-02-07 07:29:09'),
	(195,15,95,'2012-10-05 10:50:56'),
	(196,16,96,'2016-11-25 10:11:37'),
	(197,17,97,'1971-02-24 09:39:07'),
	(198,18,98,'1991-09-28 19:31:35'),
	(199,19,99,'1979-10-30 20:17:56'),
	(200,20,100,'1977-01-02 20:14:58');

-- 7. Наполнение таблицы лайки/дейлайки/нет эмоций:
INSERT INTO `likes` (`user_id`, `video_id`, `status`, `created_at`, `updated_at`) VALUES
	(1,1,'дезлайк','2006-11-23 16:54:57','1990-09-03 00:30:34'),
	(1,21,'лайк','2005-03-29 14:22:18','1988-05-04 08:10:30'),
	(1,101,'лайк','1984-03-15 18:19:09','1993-11-17 02:07:39'),
	(2,2,'дезлайк','2013-01-13 19:41:47','2020-10-30 14:15:34'),
	(2,22,'дезлайк','1995-09-03 20:27:02','1995-11-02 18:46:08'),
	(2,102,'дезлайк','2021-01-19 04:24:41','1973-12-21 12:07:49'),
	(3,3,'лайк','2001-02-05 06:01:11','2005-12-06 12:14:30'),
	(3,23,'нет эмоций','1975-08-17 15:30:10','1972-06-16 03:06:36'),
	(3,103,'лайк','1981-01-12 06:07:39','1994-12-21 20:03:18'),
	(4,4,'дезлайк','2009-03-15 23:33:00','1986-01-02 08:23:28'),
	(4,24,'нет эмоций','2007-06-12 22:53:53','2008-11-13 23:15:43'),
	(4,104,'дезлайк','2011-06-23 01:27:01','1998-02-26 08:41:17'),
	(5,5,'лайк','1987-08-29 07:22:19','2003-02-01 18:21:46'),
	(5,25,'лайк','1971-06-01 10:42:10','2021-02-19 16:24:26'),
	(5,105,'нет эмоций','1998-04-24 20:08:42','1976-10-24 08:44:51'),
	(6,6,'лайк','1999-10-06 02:18:52','2003-04-14 22:52:21'),
	(6,26,'дезлайк','1970-04-27 03:24:22','1971-04-13 21:14:16'),
	(6,106,'лайк','2001-01-14 19:12:27','2003-10-27 18:11:27'),
	(7,7,'лайк','2001-01-21 12:13:24','1981-11-04 13:40:30'),
	(7,27,'лайк','2004-07-08 03:31:35','2005-12-31 10:12:20'),
	(7,107,'нет эмоций','2011-12-09 02:00:09','2005-10-07 05:41:51'),
	(8,8,'лайк','1973-01-27 00:39:15','1979-01-18 07:28:26'),
	(8,28,'дезлайк','2000-10-02 12:39:18','1988-10-13 06:16:18'),
	(8,108,'дезлайк','1995-11-27 23:29:32','1972-05-11 21:29:34'),
	(9,9,'дезлайк','2010-01-04 09:51:27','1982-10-08 19:12:31'),
	(9,29,'нет эмоций','2020-11-13 04:42:53','1995-04-25 04:52:46'),
	(9,109,'лайк','1972-05-31 15:56:20','1999-12-25 13:24:16'),
	(10,10,'нет эмоций','1980-06-17 00:51:16','2017-03-20 03:06:36'),
	(10,30,'лайк','1992-05-25 20:12:19','1977-07-17 14:02:21'),
	(10,110,'нет эмоций','2013-08-29 00:47:41','1991-08-18 17:53:17'),
	(11,11,'лайк','1994-05-30 11:59:56','1973-09-26 04:05:41'),
	(11,31,'нет эмоций','1982-09-30 02:43:31','2015-06-04 23:17:36'),
	(11,111,'нет эмоций','1985-04-29 13:38:53','1991-04-04 18:32:53'),
	(12,12,'лайк','2008-03-19 06:13:28','2014-12-16 21:41:57'),
	(12,32,'нет эмоций','2009-06-22 13:12:23','2019-04-16 12:19:42'),
	(12,112,'нет эмоций','1982-06-27 12:36:48','2006-05-26 06:37:50'),
	(13,13,'дезлайк','1987-07-28 15:15:51','2001-03-03 09:55:30'),
	(13,33,'лайк','1977-10-02 05:06:15','1998-12-20 03:32:26'),
	(13,113,'дезлайк','1970-08-11 17:18:11','1994-09-01 09:05:33'),
	(14,14,'дезлайк','1978-06-01 08:07:23','1979-11-10 11:28:43'),
	(14,34,'нет эмоций','2009-07-22 23:20:42','1984-04-16 21:00:04'),
	(14,114,'лайк','1975-06-02 18:16:39','2018-12-02 16:05:03'),
	(15,15,'дезлайк','1987-12-10 18:20:39','2012-02-02 21:19:06'),
	(15,35,'дезлайк','2019-01-22 05:09:31','2001-04-05 10:08:39'),
	(15,115,'нет эмоций','2000-03-07 13:33:30','2006-11-20 12:10:50'),
	(16,16,'дезлайк','2014-10-26 01:21:51','2012-05-08 19:16:41'),
	(16,36,'лайк','1993-07-10 21:08:35','2012-10-26 21:59:16'),
	(16,116,'нет эмоций','1984-07-31 11:55:01','2013-03-01 00:00:05'),
	(17,17,'дезлайк','2006-06-13 10:20:40','2016-05-23 00:33:48'),
	(17,37,'дезлайк','1980-04-24 17:51:21','2018-05-26 07:44:11'),
	(17,117,'лайк','2005-03-23 11:47:50','1995-01-19 10:51:34'),
	(18,18,'лайк','1999-12-14 08:30:55','2011-07-28 05:30:59'),
	(18,38,'лайк','1970-04-12 00:16:17','2012-04-21 19:04:57'),
	(18,118,'дезлайк','2005-01-22 00:58:48','1991-01-21 11:11:28'),
	(19,19,'дезлайк','1990-12-07 19:33:57','2009-10-10 10:49:30'),
	(19,39,'дезлайк','1975-07-25 15:34:28','1988-03-13 05:04:51'),
	(19,119,'лайк','1984-02-07 13:31:54','1998-06-03 09:02:42'),
	(20,20,'дезлайк','2001-03-23 08:49:03','1997-11-27 11:03:35'),
	(20,40,'нет эмоций','1991-02-04 07:47:20','1971-03-05 13:48:33'),
	(20,120,'нет эмоций','1999-10-20 22:04:32','2017-04-21 02:28:26'),
	(21,21,'лайк','2020-10-01 16:58:11','2010-10-06 21:36:32'),
	(21,41,'лайк','1993-07-30 16:31:28','2018-09-19 07:26:17'),
	(21,121,'лайк','1989-09-14 13:24:11','1982-06-30 12:45:03'),
	(22,22,'дезлайк','1976-01-19 20:15:43','2000-08-29 16:42:07'),
	(22,42,'дезлайк','1991-12-10 01:41:05','2003-02-23 09:55:52'),
	(22,122,'дезлайк','2011-03-04 03:42:28','2020-05-25 16:13:51'),
	(23,23,'нет эмоций','1977-02-15 23:02:51','2000-07-23 21:03:48'),
	(23,43,'лайк','2012-05-30 18:56:58','1998-09-17 05:29:10'),
	(23,123,'лайк','1973-07-26 19:01:55','2001-09-06 02:49:40'),
	(24,24,'дезлайк','1990-04-26 18:31:45','1970-06-02 09:24:18'),
	(24,44,'нет эмоций','1979-01-27 16:56:00','1980-12-09 08:52:14'),
	(24,124,'нет эмоций','1987-04-15 22:39:25','1981-01-16 08:04:41'),
	(25,25,'дезлайк','2021-05-23 20:27:19','2019-11-26 16:35:14'),
	(25,45,'дезлайк','1984-08-21 19:22:53','2018-06-08 14:43:17'),
	(25,125,'лайк','1987-09-13 13:27:31','2020-07-08 20:29:56'),
	(26,26,'дезлайк','1982-09-01 08:53:01','2019-11-26 12:47:10'),
	(26,46,'лайк','1987-05-11 01:20:52','1997-07-09 21:46:52'),
	(26,126,'дезлайк','1977-09-26 01:19:04','2011-05-31 04:51:54'),
	(27,27,'нет эмоций','1988-10-13 03:17:09','1984-05-03 08:06:32'),
	(27,47,'нет эмоций','2007-11-11 16:48:29','1996-06-28 19:21:42'),
	(27,127,'дезлайк','1997-06-29 05:13:45','1992-02-15 20:53:38'),
	(28,28,'лайк','2018-01-07 07:56:57','1988-07-08 09:40:06'),
	(28,48,'дезлайк','1985-05-29 14:37:24','1985-12-11 00:43:58'),
	(28,128,'дезлайк','2005-02-26 05:30:37','1996-04-19 10:33:49'),
	(29,29,'нет эмоций','1983-11-18 21:03:03','1988-11-13 00:02:12'),
	(29,49,'нет эмоций','2004-10-09 07:38:43','1995-10-07 11:56:12'),
	(29,129,'нет эмоций','2017-04-19 09:57:43','1973-01-31 14:54:04'),
	(30,30,'дезлайк','1992-08-19 21:57:05','1975-05-04 17:02:51'),
	(30,50,'лайк','2012-11-17 23:35:36','2010-01-31 03:48:35'),
	(30,130,'лайк','1999-10-30 20:21:51','2019-12-24 18:10:05'),
	(31,31,'дезлайк','1997-04-06 00:49:03','1984-01-16 23:40:22'),
	(31,51,'дезлайк','2002-04-28 03:43:15','1981-07-05 00:18:27'),
	(31,131,'дезлайк','1974-06-30 08:25:08','2004-05-30 13:06:06'),
	(32,32,'дезлайк','1989-07-26 13:53:02','2018-02-10 14:23:10'),
	(32,52,'лайк','1971-10-26 17:33:55','1988-07-01 02:49:47'),
	(32,132,'нет эмоций','1994-06-03 14:05:14','1980-04-03 17:14:01'),
	(33,33,'лайк','2007-06-01 10:32:15','2000-12-01 13:19:07'),
	(33,53,'дезлайк','1991-01-07 18:39:00','2011-02-26 16:29:26'),
	(33,133,'лайк','1978-07-22 13:43:27','2005-05-29 21:28:56'),
	(34,34,'нет эмоций','2017-03-01 21:42:39','1987-03-26 05:19:14'),
	(34,54,'дезлайк','1979-01-27 00:15:57','2002-08-25 05:18:53'),
	(34,134,'лайк','2021-03-26 02:29:24','1990-04-28 09:21:17'),
	(35,35,'лайк','2012-08-13 22:38:23','1986-01-26 00:16:56'),
	(35,55,'нет эмоций','2017-06-30 15:08:42','1977-08-06 21:27:09'),
	(35,135,'нет эмоций','2009-02-12 05:56:47','2010-09-06 18:47:33'),
	(36,36,'лайк','2006-10-06 13:54:50','1973-11-10 23:09:08'),
	(36,56,'дезлайк','2007-08-11 21:26:52','1995-03-08 16:15:47'),
	(36,136,'нет эмоций','1992-04-28 19:45:12','1984-02-25 19:20:19'),
	(37,37,'дезлайк','2005-10-25 08:27:05','2021-08-31 05:44:49'),
	(37,57,'нет эмоций','2005-10-03 13:34:41','1994-12-15 19:13:17'),
	(37,137,'лайк','2015-10-04 07:13:10','2013-02-04 08:07:10'),
	(38,38,'нет эмоций','1987-03-05 18:24:08','1976-07-14 19:20:04'),
	(38,58,'нет эмоций','1973-02-12 17:44:50','1989-12-21 13:28:54'),
	(38,138,'дезлайк','1978-07-22 13:20:07','2004-02-13 14:56:34'),
	(39,39,'лайк','2017-10-23 14:08:38','1972-06-16 07:01:45'),
	(39,59,'дезлайк','1991-05-19 17:51:32','1976-11-27 06:22:48'),
	(39,139,'лайк','1994-05-31 10:01:39','2020-10-07 18:15:40'),
	(40,40,'лайк','2014-03-29 01:55:05','2019-10-03 09:44:21'),
	(40,60,'дезлайк','1980-03-03 14:42:41','2007-09-08 03:21:12'),
	(40,140,'нет эмоций','2009-01-23 19:57:16','2002-06-30 13:13:04'),
	(41,41,'лайк','2011-11-05 04:21:20','2005-11-08 06:31:34'),
	(41,61,'дезлайк','2017-10-20 04:16:27','1987-07-20 08:54:04'),
	(41,141,'нет эмоций','1999-02-19 21:50:55','2008-11-30 06:29:11'),
	(42,42,'лайк','2002-12-16 14:49:57','2018-09-11 05:35:08'),
	(42,62,'лайк','2001-10-17 02:27:28','1974-08-07 16:24:26'),
	(42,142,'дезлайк','1995-08-23 23:32:03','1988-09-29 14:02:52'),
	(43,43,'лайк','2001-03-22 15:16:04','1972-04-18 02:57:26'),
	(43,63,'нет эмоций','1988-08-17 07:46:10','1971-04-17 18:19:18'),
	(43,143,'лайк','2011-08-31 13:01:30','1981-04-11 18:17:45'),
	(44,44,'дезлайк','2020-05-26 14:31:31','1979-12-15 09:08:58'),
	(44,64,'лайк','1977-01-11 04:29:19','1973-09-07 08:56:10'),
	(44,144,'лайк','1977-11-14 15:01:59','1988-01-26 17:47:12'),
	(45,45,'дезлайк','2009-11-08 20:05:43','2016-05-01 16:42:02'),
	(45,65,'дезлайк','1976-05-09 00:46:21','2016-03-12 07:17:00'),
	(45,145,'нет эмоций','2002-04-20 04:44:21','1993-05-15 13:29:26'),
	(46,46,'нет эмоций','1987-09-01 00:47:07','1979-01-07 20:51:17'),
	(46,66,'лайк','2009-03-25 14:20:05','1970-06-04 23:45:57'),
	(46,146,'лайк','2009-06-14 09:39:08','1989-04-19 00:03:47'),
	(47,47,'лайк','2019-05-18 02:14:39','1975-12-08 02:01:06'),
	(47,67,'нет эмоций','2005-10-22 10:44:06','1972-11-22 09:40:18'),
	(47,147,'нет эмоций','1988-04-04 10:17:45','2018-07-14 22:41:44'),
	(48,48,'нет эмоций','1994-08-26 00:00:47','1995-11-02 14:32:13'),
	(48,68,'нет эмоций','1977-03-08 13:33:56','1970-08-15 16:11:53'),
	(48,148,'лайк','2003-03-05 04:06:49','1997-08-25 09:58:22'),
	(49,49,'нет эмоций','2002-05-13 11:31:26','1993-12-01 22:50:15'),
	(49,69,'лайк','1979-08-29 03:59:55','2019-05-05 23:50:41'),
	(49,149,'дезлайк','2003-03-01 11:58:43','1983-09-25 01:53:05'),
	(50,50,'дезлайк','2000-04-18 09:30:22','1993-03-02 05:25:11'),
	(50,70,'дезлайк','1982-05-17 12:45:07','2006-07-13 01:48:53'),
	(50,150,'дезлайк','1975-12-05 01:03:58','2018-03-23 02:43:50'),
	(51,51,'лайк','1971-04-04 13:11:12','1998-11-08 05:59:44'),
	(51,71,'лайк','1971-06-27 19:56:29','2016-08-16 06:12:38'),
	(51,151,'лайк','1970-02-21 18:17:50','2003-05-09 23:20:06'),
	(52,52,'нет эмоций','1983-06-12 00:25:04','2015-01-06 20:48:23'),
	(52,72,'дезлайк','2019-06-13 15:57:28','1985-12-23 21:37:54'),
	(52,152,'нет эмоций','2019-08-03 02:57:05','2011-02-21 11:45:54'),
	(53,53,'нет эмоций','1997-08-04 23:31:39','1976-02-08 03:08:56'),
	(53,73,'дезлайк','1970-09-02 16:05:20','2014-12-13 08:06:25'),
	(53,153,'лайк','1973-04-11 07:28:24','1999-10-21 12:24:45'),
	(54,54,'нет эмоций','2013-02-18 06:07:11','2010-07-01 10:02:25'),
	(54,74,'дезлайк','1979-12-21 07:20:20','2014-01-29 11:26:10'),
	(54,154,'дезлайк','1981-02-18 11:17:52','1980-03-17 20:02:23'),
	(55,55,'нет эмоций','1994-07-12 03:01:33','1997-06-21 03:10:55'),
	(55,75,'нет эмоций','1976-11-09 19:17:28','1981-03-17 15:17:12'),
	(55,155,'нет эмоций','2016-06-12 02:47:12','1976-05-17 21:12:15'),
	(56,56,'дезлайк','1997-12-27 13:44:43','2020-01-26 15:43:37'),
	(56,76,'дезлайк','2010-08-18 02:57:06','2019-08-09 21:11:08'),
	(56,156,'лайк','1980-04-30 08:39:07','1987-03-02 09:04:17'),
	(57,57,'дезлайк','1989-08-20 16:59:53','1985-12-06 04:36:42'),
	(57,77,'нет эмоций','2005-06-24 04:03:09','1985-02-06 15:47:57'),
	(57,157,'дезлайк','2000-02-01 08:09:34','1980-06-09 12:43:22'),
	(58,58,'нет эмоций','2011-10-05 14:34:22','1989-12-07 00:26:13'),
	(58,78,'дезлайк','2017-07-19 06:58:33','2009-01-01 18:58:36'),
	(58,158,'лайк','1974-04-20 23:08:00','1978-02-08 16:38:10'),
	(59,59,'лайк','2014-12-10 11:59:20','2017-02-28 08:16:22'),
	(59,79,'нет эмоций','1985-10-02 14:12:59','1997-04-08 16:53:54'),
	(59,159,'лайк','2019-07-06 04:51:25','1997-10-14 01:57:01'),
	(60,60,'лайк','1972-01-24 01:06:44','2018-11-11 15:50:52'),
	(60,80,'лайк','2019-07-11 00:54:10','1992-05-01 18:43:12'),
	(60,160,'лайк','1979-02-01 11:43:10','2021-06-21 03:45:44'),
	(61,61,'лайк','1995-10-16 09:35:05','1972-04-30 13:37:37'),
	(61,81,'нет эмоций','2000-05-26 19:33:19','1975-11-19 15:06:45'),
	(61,161,'дезлайк','2018-03-25 03:00:55','2002-12-26 01:35:17'),
	(62,62,'лайк','1970-01-24 21:08:19','1976-09-20 08:19:17'),
	(62,82,'нет эмоций','1982-01-21 14:40:15','1987-09-30 01:58:48'),
	(62,162,'нет эмоций','1998-12-14 00:55:01','1984-04-20 08:30:23'),
	(63,63,'нет эмоций','1975-06-12 05:42:41','1982-06-20 11:28:06'),
	(63,83,'нет эмоций','2001-09-23 01:53:08','1997-01-31 12:07:49'),
	(63,163,'лайк','1984-05-07 05:14:46','1970-08-30 03:14:54'),
	(64,64,'нет эмоций','2008-11-05 05:46:00','1997-07-12 10:16:38'),
	(64,84,'лайк','1993-01-18 08:55:23','2015-04-17 14:00:49'),
	(64,164,'дезлайк','1976-05-05 18:52:02','1986-03-21 11:39:22'),
	(65,65,'дезлайк','1998-03-01 19:11:21','2005-05-25 09:00:04'),
	(65,85,'лайк','2007-12-07 00:14:01','1996-02-12 03:37:39'),
	(65,165,'лайк','2017-11-03 14:16:37','1996-02-12 07:37:32'),
	(66,66,'дезлайк','1982-11-11 20:29:19','1999-12-01 05:59:24'),
	(66,86,'нет эмоций','2000-06-11 02:04:15','1974-05-05 05:34:22'),
	(66,166,'нет эмоций','1997-06-25 19:06:06','1987-09-06 08:48:31'),
	(67,67,'дезлайк','2021-08-05 22:25:27','1983-11-02 01:55:08'),
	(67,87,'нет эмоций','2002-08-10 02:03:38','1993-06-03 16:19:37'),
	(67,167,'дезлайк','2015-03-17 09:16:31','1980-11-23 04:16:28'),
	(68,68,'лайк','2005-09-21 02:34:22','2016-02-06 20:54:42'),
	(68,88,'дезлайк','1981-10-24 22:44:52','1993-10-05 10:02:55'),
	(68,168,'дезлайк','1999-02-14 10:16:11','1985-03-07 11:46:42'),
	(69,69,'лайк','2006-11-06 16:59:20','1992-06-21 00:08:57'),
	(69,89,'дезлайк','1981-05-20 18:00:04','1974-11-27 13:40:38'),
	(69,169,'дезлайк','2011-02-06 11:09:39','2005-07-31 23:57:55'),
	(70,70,'дезлайк','2011-07-23 11:19:35','1980-09-28 03:01:17'),
	(70,90,'дезлайк','2012-01-13 03:20:55','1972-08-05 21:52:29'),
	(70,170,'дезлайк','1987-01-25 20:17:46','2014-07-04 20:38:34'),
	(71,71,'нет эмоций','2017-09-10 08:39:07','1974-10-11 09:56:52'),
	(71,91,'нет эмоций','2002-02-13 17:06:38','2016-10-04 13:38:53'),
	(71,171,'нет эмоций','1981-07-23 02:26:05','2015-03-01 07:00:42'),
	(72,72,'лайк','1994-08-31 14:27:27','1972-07-05 23:34:01'),
	(72,92,'нет эмоций','2019-08-25 18:41:54','1986-01-02 19:55:06'),
	(72,172,'нет эмоций','1989-11-14 18:30:17','1993-04-17 16:48:06'),
	(73,73,'нет эмоций','2006-04-30 22:16:27','2012-04-29 19:46:55'),
	(73,93,'нет эмоций','2001-06-21 20:14:43','2011-03-04 17:31:49'),
	(73,173,'дезлайк','1984-01-24 12:40:38','2016-09-19 12:57:41'),
	(74,74,'лайк','1989-08-25 12:59:40','1992-05-02 22:21:35'),
	(74,94,'дезлайк','2021-05-15 14:25:57','1998-09-28 14:11:37'),
	(74,174,'нет эмоций','2013-07-22 15:21:10','2010-06-10 08:31:51'),
	(75,75,'дезлайк','2009-09-05 00:32:09','1981-03-03 04:50:42'),
	(75,95,'нет эмоций','1973-09-14 10:40:10','1989-02-09 07:43:31'),
	(75,175,'нет эмоций','2000-02-08 09:31:36','1991-10-15 06:58:39'),
	(76,76,'лайк','1985-07-07 16:18:55','2010-03-18 04:06:23'),
	(76,96,'лайк','1985-05-25 15:50:12','2003-02-19 16:14:34'),
	(76,176,'дезлайк','2000-03-25 18:38:04','2017-09-07 02:08:04'),
	(77,77,'лайк','1970-06-06 16:38:18','2000-04-20 09:15:10'),
	(77,97,'лайк','1972-09-27 09:49:30','1995-10-28 17:46:19'),
	(77,177,'дезлайк','1974-07-19 17:32:35','1988-11-04 13:43:16'),
	(78,78,'лайк','2016-07-02 19:30:02','1996-06-07 01:59:08'),
	(78,98,'лайк','2000-12-02 20:14:53','2007-02-09 07:31:20'),
	(78,178,'дезлайк','2010-06-14 01:33:45','2019-01-09 05:21:43'),
	(79,79,'нет эмоций','1971-02-27 06:11:28','1976-10-03 01:25:24'),
	(79,99,'дезлайк','1979-07-04 17:14:06','1995-08-25 14:28:54'),
	(79,179,'дезлайк','1980-04-30 10:01:51','2008-03-16 11:42:18'),
	(80,80,'дезлайк','1991-10-29 21:58:49','2013-07-10 10:49:43'),
	(80,100,'лайк','1981-03-01 13:42:40','1978-10-06 23:22:58'),
	(80,180,'нет эмоций','2001-03-16 00:27:06','2008-05-15 15:07:30'),
	(81,1,'нет эмоций','2005-07-29 15:18:30','2016-07-10 13:05:56'),
	(81,81,'дезлайк','2003-01-08 00:49:45','1988-09-25 22:13:59'),
	(81,101,'дезлайк','2012-08-01 12:09:38','2009-03-23 18:44:08'),
	(82,2,'дезлайк','2019-02-25 02:19:07','2007-10-05 09:30:27'),
	(82,82,'дезлайк','1972-08-01 04:49:57','1973-01-25 08:53:44'),
	(82,102,'лайк','1999-01-17 03:42:31','1993-08-06 15:48:59'),
	(83,3,'дезлайк','2019-11-06 11:21:39','2017-07-08 09:58:50'),
	(83,83,'лайк','2001-11-03 02:24:00','2013-11-12 19:14:32'),
	(83,103,'нет эмоций','2008-08-03 00:16:12','2021-09-23 08:25:02'),
	(84,4,'дезлайк','1976-02-24 12:49:22','2004-10-29 17:51:53'),
	(84,84,'нет эмоций','2004-09-02 16:21:07','2016-03-18 00:57:23'),
	(84,104,'лайк','1992-07-27 14:34:50','2004-06-06 18:41:38'),
	(85,5,'дезлайк','1998-04-10 13:52:30','2015-03-21 05:22:45'),
	(85,85,'лайк','2008-08-15 17:28:51','1988-06-04 05:09:09'),
	(85,105,'нет эмоций','1995-08-13 19:42:48','2003-01-25 18:31:00'),
	(86,6,'дезлайк','1999-11-20 22:37:05','1982-11-16 19:15:26'),
	(86,86,'нет эмоций','2016-12-21 04:28:32','1981-03-06 10:36:52'),
	(86,106,'нет эмоций','1988-08-04 14:41:36','2001-10-13 16:01:10'),
	(87,7,'нет эмоций','1978-10-17 00:16:52','1988-05-24 07:58:07'),
	(87,87,'нет эмоций','1976-11-17 03:56:27','2008-03-20 19:56:13'),
	(87,107,'лайк','1999-06-01 23:41:51','1975-07-25 10:36:06'),
	(88,8,'дезлайк','1999-03-12 11:46:18','2019-10-29 09:14:42'),
	(88,88,'дезлайк','1991-09-30 04:27:41','2010-11-08 19:18:08'),
	(88,108,'дезлайк','2007-03-10 09:10:17','2006-12-11 23:58:39'),
	(89,9,'дезлайк','2020-07-01 07:21:20','1972-03-29 00:23:09'),
	(89,89,'дезлайк','1983-12-17 07:08:27','2005-05-22 03:39:59'),
	(89,109,'лайк','1995-09-08 08:37:19','1986-11-02 05:47:15'),
	(90,10,'дезлайк','2010-01-04 20:47:49','2013-04-26 00:00:12'),
	(90,90,'лайк','2018-11-05 13:45:01','2005-03-08 21:05:27'),
	(90,110,'дезлайк','2015-04-08 13:15:32','1974-04-04 10:53:58'),
	(91,11,'лайк','2019-09-13 12:51:39','1986-12-07 04:49:58'),
	(91,91,'нет эмоций','1981-01-25 16:49:18','1976-07-18 22:02:26'),
	(91,111,'дезлайк','2000-03-19 21:57:27','1984-06-15 01:58:32'),
	(92,12,'лайк','1998-01-26 10:51:29','2008-09-17 14:08:57'),
	(92,92,'дезлайк','2017-03-24 17:21:32','1970-09-16 04:51:35'),
	(92,112,'лайк','2006-12-10 04:23:11','1982-02-24 21:55:35'),
	(93,13,'нет эмоций','1999-02-16 09:56:33','2005-01-03 19:12:33'),
	(93,93,'нет эмоций','2006-12-31 09:17:16','1970-07-12 12:01:52'),
	(93,113,'нет эмоций','2011-10-06 06:58:11','1989-02-11 15:23:32'),
	(94,14,'лайк','1998-03-11 04:45:24','1993-10-01 10:09:29'),
	(94,94,'нет эмоций','2008-08-02 18:10:58','2003-09-03 19:27:26'),
	(94,114,'дезлайк','2001-06-24 23:46:54','1982-06-05 10:37:16'),
	(95,15,'нет эмоций','2000-04-19 01:49:24','2005-09-10 23:32:54'),
	(95,95,'дезлайк','1981-06-03 04:36:06','1992-09-23 18:29:21'),
	(95,115,'лайк','2011-01-30 00:24:18','2015-11-05 18:13:28'),
	(96,16,'лайк','2012-04-02 03:36:45','1976-11-13 02:16:26'),
	(96,96,'нет эмоций','1971-02-23 12:28:24','2006-10-14 13:31:03'),
	(96,116,'нет эмоций','1985-11-14 11:00:23','1998-01-31 07:36:57'),
	(97,17,'дезлайк','1985-04-01 05:51:54','2020-10-15 20:29:49'),
	(97,97,'дезлайк','1979-05-11 23:07:24','2013-06-10 10:43:02'),
	(97,117,'дезлайк','2005-09-13 00:24:20','1986-05-22 05:45:11'),
	(98,18,'лайк','2014-12-29 01:16:41','2015-03-24 14:48:37'),
	(98,98,'лайк','2004-12-02 00:57:40','2011-03-17 19:05:46'),
	(98,118,'нет эмоций','1983-05-10 04:08:44','2009-10-22 06:22:12'),
	(99,19,'дезлайк','2004-03-08 19:37:03','1973-12-10 11:17:08'),
	(99,99,'нет эмоций','2017-09-19 00:58:28','1988-06-01 06:18:51'),
	(99,119,'нет эмоций','2000-09-22 12:47:54','1978-01-03 02:48:19'),
	(100,20,'лайк','1970-12-25 02:52:31','2005-08-05 18:54:42'),
	(100,100,'нет эмоций','1996-06-01 14:42:08','1985-05-06 21:43:16'),
	(100,120,'лайк','2006-07-24 04:37:52','2012-02-13 15:31:19');

-- 8. Наполнение таблицы комментарии:
INSERT INTO `comments` (`id`, `user_id`, `video_id`, `body`, `created_at`) VALUES 
	(1,1,1,'Velit doloribus aperiam quidem nemo vel vitae enim. Aut velit dolor excepturi pariatur dolorem aut cupiditate tempore. Ratione facere officia quia rem asperiores praesentium.','2007-06-15 03:45:49'),
	(2,2,2,'Ut fuga impedit nulla eligendi. Ab esse adipisci vel eos. Laboriosam eligendi vel vero aut voluptatem voluptatem.','2005-06-04 10:12:06'),
	(3,3,3,'Veritatis non et eius quos nam odit. Possimus cumque voluptate perferendis porro id libero. Quasi deleniti rem qui. Voluptatum autem asperiores qui nobis neque ullam id.','1975-09-20 18:23:09'),
	(4,4,4,'Accusamus animi expedita provident. Expedita iure voluptas aspernatur totam blanditiis.','1987-02-20 09:43:13'),
	(5,5,5,'Cumque ut corrupti velit iure repellendus repellat mollitia. Labore quas quam ipsum necessitatibus incidunt rerum reiciendis. Ex itaque ad culpa ullam. Et est magni eum maiores.','1981-06-27 19:47:44'),
	(6,6,6,'Quaerat excepturi adipisci veniam tenetur quos modi. Mollitia sunt et perspiciatis quos fugiat sed sapiente harum. Placeat quasi perspiciatis aliquid eligendi.','1979-08-05 07:05:30'),
	(7,7,7,'Dolores repellat deserunt quae animi optio ipsa. Nam unde pariatur qui ea tempore et. Eius consectetur sunt in temporibus vel molestiae.','2017-05-10 14:41:47'),
	(8,8,8,'In ut accusamus ut impedit facere nihil. Dolorum est necessitatibus et voluptatum mollitia enim dolore. Quia illum rem ut tempora iste sunt et.','2016-06-13 12:06:51'),
	(9,9,9,'Eligendi quia voluptas nam. In nihil totam consequuntur dolores. Autem cum tenetur voluptatum eos iusto corporis rerum.','1998-05-13 13:02:03'),
	(10,1,1,'Similique aut possimus enim earum. Necessitatibus ducimus quis harum sed est reiciendis aperiam. Quidem molestiae in nesciunt omnis. Voluptas veritatis deserunt cupiditate fuga id ipsam.','2010-03-28 23:17:24'),
	(11,1,1,'Aliquam dolore molestiae officiis cum et. Sit culpa et et qui quo. Voluptatem aut voluptas iure dignissimos quod impedit voluptatem.','2002-01-04 10:27:11'),
	(12,1,1,'Minima inventore totam commodi numquam qui eligendi. Eveniet recusandae explicabo illum sint. Ducimus nisi velit eos quia. Et sit vero nihil voluptate facere pariatur animi impedit.','1979-02-19 06:32:54'),
	(13,1,1,'Quae fugiat cupiditate facere atque suscipit quis. Velit vel dicta laboriosam placeat commodi molestiae. Repudiandae aut quis et omnis quaerat et. Consequatur ex non aspernatur a quibusdam harum. Sunt non perferendis repellat saepe.','1975-04-13 11:32:13'),
	(14,1,1,'Iusto sed ut a est voluptatum alias. Error excepturi rerum atque expedita. Velit dolores occaecati repellendus hic consequatur distinctio vel. Neque aut rerum voluptatem unde odio qui.','1997-04-20 14:19:20'),
	(15,1,1,'Atque eaque unde velit fugiat quas maxime voluptas. Qui est qui ut aut ut et dolorem. Totam ipsum non quia accusamus nulla. Ut nihil quo et error consequatur. Doloribus eveniet dolores consequatur nostrum est exercitationem quaerat aut.','2010-07-11 12:33:44'),
	(16,1,1,'Velit consequuntur laboriosam cum aut quas. Sit rerum tempora aut numquam enim ullam. Facere eum alias quis veritatis. Voluptas iusto dolor necessitatibus repellat harum dolores. Possimus voluptas laudantium quos at earum recusandae.','1997-07-19 01:25:05'),
	(17,17,17,'Voluptas ex quo sapiente omnis consectetur non. Praesentium voluptas temporibus ab voluptatibus qui et. Alias dolorem et aspernatur et voluptatibus omnis rerum consequatur. Commodi voluptas et et dolor et.','1980-03-15 18:03:05'),
	(18,1,1,'Voluptatem deleniti placeat dicta eveniet. Dolor quo voluptas qui repudiandae laudantium ea inventore. Earum fuga et aut non.','2005-02-21 17:23:03'),
	(19,1,1,'Quod blanditiis totam odio accusantium neque. Nesciunt sunt et error necessitatibus. Esse voluptates quia labore a exercitationem ut.','1994-06-03 10:54:18'),
	(20,20,20,'Magnam est ab explicabo. Eum mollitia et ea quia sunt dolore sint. Et harum et quasi et in vitae error. Laudantium et non aut esse et occaecati voluptates.','1980-08-24 15:25:37'),
	(21,2,2,'Placeat aut rerum quos veniam officiis expedita. Qui incidunt officia rem et excepturi. Nostrum rerum nobis eius alias quia non et. Labore maxime non sed et dolore dolorum.','1972-02-19 19:08:38'),
	(22,2,2,'Architecto quos commodi quod quia hic maxime. In sequi sit earum architecto aut. Non eos rerum quas neque vitae recusandae.','1974-10-14 04:58:49'),
	(23,2,2,'Fugit at voluptate repellendus repellat esse. Sed voluptas quisquam eum et tenetur laboriosam non. Sed quos fugit sint reprehenderit ut quas omnis.','2018-10-19 22:50:37'),
	(24,2,24,'Sed magnam est dolores qui itaque temporibus. Rerum molestiae velit similique sapiente autem est. Quis at dolorum unde ea. Enim est et molestiae ut velit.','1986-07-08 15:45:26'),
	(25,2,25,'Adipisci sunt aperiam a earum sequi iusto id. Ad dolorem consectetur labore voluptatem iusto est consequatur. Maxime eos nobis natus.','2007-03-05 23:59:14'),
	(26,2,26,'Vero quasi voluptatum ratione. Eum eum est sint suscipit odit. Tempore ut repudiandae et nemo quas est sunt. Sunt est aut asperiores autem eius quasi labore corrupti. Corrupti est in mollitia vel dignissimos.','1995-11-20 12:56:10'),
	(27,2,2,'Aut voluptas unde aut tenetur. Voluptatibus sunt dolorum impedit reiciendis ab illo. Repellat quia quas et modi qui inventore voluptas.','1993-07-25 09:07:44'),
	(28,2,2,'In quibusdam corrupti odio ut dolores ea itaque. Non dicta vitae reprehenderit voluptatibus culpa et accusamus. In alias consequatur architecto et ducimus delectus deserunt quod.','2003-07-13 21:33:27'),
	(29,2,2,'Omnis harum quia blanditiis quia repellendus provident aut. Fuga in repellat aut vitae veritatis maxime qui. Facilis natus deserunt sint nesciunt sapiente. Alias voluptatem voluptatem tempore necessitatibus qui.','2006-05-01 05:12:24'),
	(30,30,30,'Sunt ad amet modi. Commodi libero sed quis sunt dolor voluptas atque. Est qui tempore alias quos. Fugiat reprehenderit adipisci quos impedit.','2005-01-14 03:03:31'),
	(31,3,3,'Et et et repellendus voluptatem. Enim sequi dolorem eius quo nam animi animi. Repudiandae eos nulla dolorem minus consequatur. Earum ut aspernatur consequuntur debitis voluptas sed illo.','1977-02-04 18:33:30'),
	(32,3,3,'Aliquam voluptas quisquam omnis voluptatem nihil. Laudantium recusandae facere occaecati quod ea. Aut dolorum ea sit fugit. Dolore non veniam sed qui vero et blanditiis.','2007-01-25 23:44:20'),
	(33,3,3,'Quo molestiae et inventore beatae. Adipisci placeat exercitationem hic velit quaerat. Suscipit modi tempora voluptatem sint quidem quidem.','2000-03-04 14:54:27'),
	(34,3,3,'Vel nihil eum ad aspernatur. Et et error error consequatur. Et distinctio ut consequatur dolores beatae enim eaque iusto.','2002-05-28 23:08:28'),
	(35,3,3,'Eum at voluptas facilis accusamus provident voluptate consequatur. Vero accusantium sunt aperiam dolores voluptatem. Placeat vel possimus temporibus eveniet. Tempora ut officiis est.','2010-10-05 16:36:08'),
	(36,3,36,'Dignissimos voluptates quae velit voluptatem eum autem aspernatur. Velit commodi at at cumque itaque doloribus accusamus. Aliquid est quis rerum aperiam dolore molestias sequi. Ut magnam reprehenderit in numquam.','2003-01-03 10:26:18'),
	(37,3,37,'Suscipit error odit perferendis doloremque ad nihil minima id. Ut consequatur error vel magni. Et voluptates et vel perspiciatis. Et sequi quia amet vero tempora.','2002-07-21 18:12:27'),
	(38,3,38,'Vero qui qui delectus sed maxime. Temporibus ut ratione reiciendis saepe. Necessitatibus voluptatem voluptatem voluptas sunt.','2011-01-09 13:15:38'),
	(39,3,39,'Sit exercitationem ipsam impedit quis. Soluta rerum voluptate tempora corporis.','2010-05-17 06:05:12'),
	(40,40,40,'Dolore libero et sit minima. Et numquam perspiciatis impedit sequi. Asperiores eos nisi quis est et vero.','2010-12-08 14:39:32'),
	(41,41,41,'Id dolores aperiam accusamus blanditiis. Ad quos quia quis cupiditate tempore temporibus. Officiis est et sint nesciunt culpa. Quae reprehenderit debitis quod. Ab exercitationem perspiciatis rerum placeat fugiat rerum ea.','1998-08-11 00:10:26'),
	(42,42,42,'Maxime rerum nam explicabo voluptas aliquid maxime. Voluptas nemo reprehenderit corporis eos excepturi. Fugiat sunt ullam et.','2000-06-22 12:22:20'),
	(43,43,43,'Ut dicta dignissimos enim temporibus totam corporis iusto. Magni molestiae voluptatem qui et optio. Sequi commodi ut error itaque asperiores. Consequatur doloribus eaque sequi quis voluptatem.','1983-02-05 00:49:54'),
	(44,44,44,'Excepturi officiis repellat praesentium aut. Esse illum asperiores sed dolores veritatis ipsa quis quidem. Omnis recusandae eaque quos dicta molestiae sequi provident voluptatem. Vel fugiat eum voluptate vel similique.','2017-04-19 18:28:17'),
	(45,45,45,'Reprehenderit non quas beatae quis ullam quo vero aspernatur. Harum ut laboriosam sit dolorem nihil.','1987-10-28 16:36:23'),
	(46,46,4,'Vel explicabo aut nihil magni iusto non. Alias quam facere aperiam rem qui magnam. Et rerum quam nobis aut hic quo.','1974-11-13 15:51:50'),
	(47,47,4,'Accusamus ea laborum fuga enim aut. Architecto excepturi temporibus maiores. Nihil consectetur in in quidem sunt quo.','2003-11-05 17:45:20'),
	(48,48,4,'Et sed accusantium sequi aut distinctio totam placeat. Est accusantium minima nobis necessitatibus. Eos sint autem rem et et hic. In minus aliquid ipsam qui incidunt facere.','1980-01-11 18:53:57'),
	(49,49,4,'Omnis a quasi quas iure assumenda eveniet quia neque. Enim placeat veritatis amet laboriosam aspernatur. Harum autem recusandae iusto quis. Magni est rerum ut illo.','2012-01-05 01:07:25'),
	(50,50,5,'Accusamus aut exercitationem quasi veritatis ut non cumque atque. Dolor ut beatae quibusdam odio reprehenderit iste cupiditate et. Qui est alias sed omnis ea ex iusto. Modi qui dolorem consequuntur ut est tenetur.','2010-12-08 20:11:50'),
	(51,51,5,'Et voluptatibus consequatur et et saepe eum eos. Blanditiis ut perspiciatis occaecati quisquam in natus architecto. Architecto voluptatum omnis laborum repudiandae.','1982-03-09 16:07:17'),
	(52,52,52,'Eaque ut aut magnam quis. Et non omnis veritatis est quae. Nemo consequatur autem quibusdam minus. Et quasi vero eligendi quae ut.','1975-05-25 05:53:38'),
	(53,53,53,'Qui rem earum eum culpa sed ab animi ipsam. Facilis illum fugiat sunt minus ex doloremque quidem et. Voluptatibus accusamus est ea necessitatibus consequatur nemo omnis. Similique maxime laborum quaerat consectetur excepturi et aut.','1971-07-30 07:02:42'),
	(54,54,54,'Voluptatem excepturi quis expedita voluptas autem. Nulla enim eos aut ut aut quia similique. Qui in est consequatur accusantium fuga.','1975-08-03 20:28:41'),
	(55,55,55,'Labore fugit reiciendis mollitia. At commodi beatae quam vel saepe tempore quo. Adipisci occaecati eius ratione non.','2013-08-13 09:13:26'),
	(56,56,56,'Eaque qui et qui quam repellendus aspernatur. Praesentium eum culpa nihil eligendi temporibus necessitatibus nostrum. Et amet necessitatibus qui. Sit officiis nihil quia cum porro omnis quia.','1971-01-29 05:08:23'),
	(57,57,57,'Nobis fugit deserunt esse alias reprehenderit corrupti omnis. Error eos reiciendis cum. Porro atque culpa provident dolores aut aspernatur. Eos a unde nesciunt unde cupiditate in aut.','2002-12-28 12:16:27'),
	(58,58,58,'Aut rem est aliquam ea. Culpa eos aut autem deserunt. Neque et maiores id quisquam consequatur quasi voluptatem qui. Voluptas ab ducimus iusto fugit.','1995-08-05 00:52:45'),
	(59,59,59,'Esse assumenda excepturi dolores consequatur saepe. Et sit molestiae molestias ipsa sunt officia. Cum ut sequi numquam mollitia dolorem odio. Voluptatem accusantium sequi perferendis non.','2009-06-11 11:03:14'),
	(60,60,60,'Corporis qui voluptatibus quae nostrum ut aut aspernatur incidunt. Necessitatibus quis sunt id est neque maiores voluptates nisi. Error cum consequuntur non et laudantium esse est.','1981-09-30 15:01:54'),
	(61,61,61,'Sunt eum commodi assumenda nostrum ut. Ea autem tempore dolor magni. Quia facilis illum rerum provident praesentium. Quis magni ullam in.','1977-12-17 22:46:32'),
	(62,62,62,'Et neque nihil repellendus accusantium ea ipsum. Magni qui omnis consequuntur cumque. Dolorem et iure veritatis quisquam fugiat. Praesentium earum voluptatibus exercitationem doloremque.','1970-05-10 22:55:03'),
	(63,63,63,'Tempora asperiores soluta autem corrupti eligendi voluptatum. Voluptatem et expedita ullam nam.','1970-01-23 06:47:27'),
	(64,64,64,'Architecto ducimus dolorem et hic deleniti fuga. Omnis non architecto minima quidem accusantium sunt aut. Facere placeat sed sit itaque.','2006-09-10 00:13:03'),
	(65,65,65,'Quisquam culpa deleniti deleniti aliquid reiciendis aut. Saepe aspernatur nisi consequatur enim deleniti et. Nostrum voluptas fugit a quod harum quaerat et illum.','2017-08-24 10:47:55'),
	(66,66,66,'Cum sed reprehenderit deserunt iusto ab. Corrupti possimus numquam modi laborum. Labore possimus vitae rem cupiditate atque doloremque. Minima iusto et laborum tempore facere natus sequi impedit.','1983-11-14 09:53:11'),
	(67,67,67,'Velit voluptas adipisci ducimus voluptate voluptatem voluptatem. Rerum et et cupiditate voluptas dicta consequuntur. Nostrum animi dolorem et pariatur facilis nam.','2011-10-31 00:09:02'),
	(68,68,68,'Est vel amet voluptate odit est ratione. Qui omnis doloremque atque dolores unde iste voluptas. Vel architecto commodi pariatur exercitationem odio. Expedita ut ut doloremque natus. In dolorem qui sunt magnam ea.','2000-05-02 18:37:43'),
	(69,69,69,'Nihil animi totam quae delectus cupiditate voluptates. Autem sed in natus fugit dolores. Occaecati aut dolores voluptatem aut delectus optio aut. Excepturi officia aut incidunt quo accusantium ab ea.','1994-10-04 22:13:40'),
	(70,70,70,'Culpa assumenda sequi harum ad. Cum sed autem autem rerum qui sint. Minus dolorem velit illum. Laboriosam molestias sunt voluptas sit praesentium eveniet exercitationem.','1989-11-09 20:42:11'),
	(71,71,71,'Veritatis fuga in occaecati sed repellendus. Odit consequatur enim expedita. Vel voluptas porro maiores magnam ad.','1993-02-28 17:29:30'),
	(72,72,72,'Provident voluptas praesentium esse est in quo. Ducimus officia sit ratione et quod qui saepe alias. Et harum sint tenetur.','1977-05-23 06:36:08'),
	(73,73,73,'Cupiditate nemo laborum aut necessitatibus voluptatem magnam tempore. Fugiat est atque ea sit. Earum similique aut aut quidem non tenetur. Velit quidem facilis distinctio vel id quod.','1978-12-28 15:20:51'),
	(74,74,74,'Aut molestias temporibus aut maiores dolores ullam. Error quibusdam qui blanditiis iure tenetur sapiente delectus. Est sit molestias architecto quaerat aut sed. Aut qui debitis aut qui consequuntur.','2007-02-10 05:06:38'),
	(75,75,75,'Accusantium praesentium in maiores unde aut ut. Vitae sint impedit delectus eum voluptatum necessitatibus. Nam repellendus ad recusandae quia et id est.','1972-06-08 10:22:44'),
	(76,76,76,'Omnis earum sed voluptatem at nesciunt. Officia pariatur est facere tenetur accusantium velit. Perspiciatis illo corporis aut et nemo molestiae corporis.','1998-11-10 04:15:54'),
	(77,77,77,'Consequatur veniam accusantium porro optio velit voluptatem beatae. Aut sed fugit nam rerum. Rerum soluta hic quia sed explicabo architecto incidunt. Quia nemo architecto saepe ratione dolores quam. Nulla expedita animi aut temporibus corrupti similique.','1980-06-29 12:13:43'),
	(78,78,78,'Velit sed iure et laudantium explicabo. Accusamus et quo eveniet voluptatem cum quia. Voluptas amet occaecati omnis aut dolorem corrupti molestiae. At quos est et quia.','2008-09-12 16:34:16'),
	(79,79,79,'Natus soluta tempore sint et adipisci. Natus et maxime aut. Itaque quas omnis consectetur vel provident dolorem. Optio officia ut aut quasi non in saepe.','1998-02-01 23:17:22'),
	(80,80,80,'Distinctio laboriosam incidunt ad aliquid. Doloribus possimus at suscipit totam eaque distinctio tempore.','2017-08-22 23:47:07'),
	(81,81,81,'Sapiente non atque illum dolores quo quia repellendus nulla. Et deserunt laboriosam saepe expedita aliquid necessitatibus enim id. Atque aspernatur et tenetur qui consequuntur rerum.','1976-01-22 19:23:38'),
	(82,82,82,'Vitae accusantium corporis reiciendis aperiam. Corrupti error asperiores quo quae fugiat animi corrupti cumque. Sed dignissimos aut perferendis placeat alias occaecati deserunt.','2002-06-23 12:21:04'),
	(83,83,83,'Quas quo molestiae odio ipsa esse nemo. Ut odit omnis dolorum dolores inventore aut. Modi hic sit est assumenda. Doloribus veniam error expedita.','1983-11-14 16:02:22'),
	(84,84,84,'Aperiam repellendus illum odio. Est sed aut vel accusamus ut. Quo quasi molestiae quibusdam cum et earum. Animi unde omnis quam corporis dolorum cum laborum. Non nostrum mollitia illo architecto.','1998-07-10 08:41:38'),
	(85,85,85,'Odit voluptas natus quo voluptatem corrupti ut pariatur. Sint minus sint sit magni. Voluptate suscipit dignissimos reiciendis qui laboriosam.','2009-02-12 16:38:34'),
	(86,86,86,'Et aut in adipisci id necessitatibus provident est voluptatibus. Quidem id aliquam in. Esse accusantium ipsa quia delectus dicta cupiditate ut rem. Aliquam magni perferendis cumque.','1988-03-02 15:42:55'),
	(87,87,87,'In corrupti at labore impedit repellendus sed. Qui ipsum et voluptates nobis rerum aut dolor. Aut non quasi quas similique aut eos. Perspiciatis ut dignissimos nostrum cum incidunt magnam adipisci voluptas. Et aut maxime voluptatibus necessitatibus.','2017-02-26 21:10:51'),
	(88,88,88,'Est corporis officiis fugit expedita soluta aut. Ea nam nostrum et laboriosam sequi qui. Consequatur aut voluptatum occaecati nihil et voluptatem ut. Facere ut libero mollitia quia consequatur minus velit.','1986-04-07 16:11:48'),
	(89,89,89,'Non ea sit dolorem eos. Est quasi mollitia dolores voluptatem est. Enim voluptatem dolor vero consequuntur. Quasi illum ut odio quae.','2020-03-07 12:19:05'),
	(90,90,90,'Eum accusamus rerum eaque temporibus perspiciatis molestiae. Nulla ut earum quo exercitationem. Et molestiae sit eos quod nesciunt dolore et.','1991-08-12 06:25:57'),
	(91,91,91,'Recusandae cupiditate praesentium aspernatur fuga eos. Autem saepe ea recusandae. Alias voluptates soluta sint ducimus facere nihil perspiciatis. Nulla itaque impedit laudantium dolores et enim qui et.','1990-04-18 16:41:08'),
	(92,92,92,'Assumenda vel deserunt incidunt. Consectetur velit in dicta ullam omnis et sed.','1998-07-30 02:16:35'),
	(93,93,93,'Quam eaque deleniti tenetur qui dolorum ratione ut. Culpa voluptatum et ab qui amet. Laudantium non tempora fugiat voluptatem ullam ex libero. Incidunt saepe est corrupti non aperiam.','1998-03-10 06:41:19'),
	(94,94,94,'Saepe odit a est. Magni id quam ex officiis sit temporibus. Rem est est veniam. Ut dolore voluptatem occaecati non.','1999-11-21 20:53:38'),
	(95,95,95,'Excepturi unde consequatur nam nihil ipsam commodi quo. Exercitationem distinctio incidunt sint possimus. Sunt quisquam ut debitis quam quos. Corporis numquam officiis nihil non iste aspernatur.','2019-04-16 05:29:28'),
	(96,96,96,'Molestias voluptas natus consectetur velit maxime aliquid rerum atque. Sed et ipsam ducimus tempora sit aliquid. Natus et deleniti repellat ad harum.','1989-02-11 04:40:32'),
	(97,97,97,'Placeat asperiores tempora et ut saepe tempore. Ipsa laborum ullam sunt pariatur. Quae ipsam nihil enim labore consequatur.','2004-11-09 22:53:15'),
	(98,98,98,'Est dicta vitae ipsa eum maiores et. Nam eum quo minus consequatur aperiam dolor. Sint illum quod a in reprehenderit porro itaque temporibus. Quod esse ratione voluptate ipsam quo.','1977-07-01 17:24:55'),
	(99,99,99,'Ab labore perspiciatis repellendus deleniti voluptas. Dicta qui soluta aut dolores rerum et. Non quis eius architecto labore dolores. Deleniti itaque maiores suscipit provident quo.','1995-06-22 07:04:45'),
	(100,100,100,'Id et assumenda ex nihil recusandae. Nihil quibusdam placeat ut soluta.','1983-03-21 05:00:33'),
	(101,1,101,'Quas esse libero quia earum sed perspiciatis sunt rerum. Dolore deserunt ut nostrum earum itaque. Autem magnam est iure neque. Neque nam mollitia sint magni doloremque fugiat ipsa. Voluptates quas velit nostrum unde unde.','1998-03-19 15:25:25'),
	(102,2,102,'Non enim animi nobis earum rerum. Voluptatem nostrum sit saepe aut. Itaque deserunt voluptas laudantium. Accusantium dolor repellat blanditiis sint ut corporis.','1998-11-18 05:33:16'),
	(103,3,103,'Omnis deleniti et quidem atque quisquam est omnis. Ea et aut labore ab eum illo occaecati. Et voluptates amet laborum. Id consequatur enim perferendis.','1984-08-03 03:31:40'),
	(104,4,104,'Iure harum voluptate libero alias sequi dolores rerum molestiae. Culpa amet doloremque aut recusandae in. Ex et et libero non consequatur repellat.','2001-10-07 13:58:57'),
	(105,5,105,'Aut ut ratione unde incidunt. Est nisi distinctio ut ipsum nemo.','1974-06-05 06:01:01'),
	(106,6,106,'Architecto nam a aspernatur expedita facere. Officiis minus quidem libero debitis sit laborum dolor architecto. Quis et aperiam amet id quam voluptates. Ad sunt qui quia eos.','1975-06-05 23:07:03'),
	(107,7,107,'Quos non est alias quia. Error similique consequuntur quidem et sapiente molestiae harum. In dolorum inventore facilis distinctio labore. Rerum veniam ipsum officiis.','1974-12-25 01:29:50'),
	(108,8,108,'Aspernatur autem magnam tempora quo. Quam quidem et ea tenetur corporis voluptatem praesentium. Eveniet cum iste quo est quas et nostrum.','2006-06-03 17:14:30'),
	(109,9,109,'Repellat necessitatibus qui quaerat deserunt veritatis. Dolorem voluptatibus aut et quam amet non iure. Non sed impedit neque quam modi distinctio. Labore optio ut nulla veritatis sint.','2015-04-18 21:46:12'),
	(110,10,110,'Id nam provident alias totam laborum sed ducimus. Perferendis vel corporis fugit dolore consequuntur. Dolorem voluptatem corrupti tempore totam repellat.','1981-03-29 11:06:45'),
	(111,11,111,'Vitae eum iusto quis similique. In qui non necessitatibus in ea perferendis nulla. Quos quos odit nihil eos ea beatae ut.','2014-03-12 22:18:02'),
	(112,12,112,'Dolores praesentium harum dolorem nisi impedit ea. Ipsum eveniet qui eveniet asperiores. Et deserunt molestias eaque. Temporibus qui itaque neque et quis et. Voluptatum est voluptatem sunt expedita.','1978-04-18 17:04:52'),
	(113,13,113,'Harum quaerat temporibus quis velit odit incidunt. Qui dignissimos recusandae quaerat architecto. Reprehenderit sapiente ullam sunt praesentium nulla et. Accusantium amet ut unde ab quia corrupti iste laudantium.','2020-11-04 21:58:58'),
	(114,14,114,'Odio totam reprehenderit explicabo. Repellat aut cumque quia iusto. Iusto ea sint sunt autem error culpa cum.','2005-01-31 18:04:52'),
	(115,15,115,'Qui assumenda corporis vero quas sit fugiat. Rem enim optio labore autem tenetur. Voluptatem sapiente qui illum eligendi odio reprehenderit voluptatibus. Laborum aliquam at illum voluptas sit nisi.','2016-12-10 13:15:36'),
	(116,16,116,'Ut delectus atque ea quo sit sint. Rerum velit qui et accusamus soluta nulla perferendis. Eos sint deleniti aut omnis dignissimos qui. Veniam veniam laudantium exercitationem laborum.','2006-02-18 02:15:21'),
	(117,17,117,'Aperiam natus et est laboriosam. Culpa optio impedit id magnam odit eos. Adipisci odit iusto excepturi ut amet necessitatibus accusantium. Soluta minima natus ad minima mollitia doloremque.','2008-08-11 07:18:34'),
	(118,18,118,'Earum quisquam voluptas voluptatem repudiandae alias voluptatem. Nihil ut voluptatem est placeat necessitatibus cumque dolores. Omnis aut quaerat culpa cupiditate corrupti repudiandae. Nihil ullam dolorem sapiente laborum eveniet et.','1974-01-20 07:05:22'),
	(119,19,119,'Necessitatibus quisquam quia consectetur aut. Et cumque asperiores laboriosam consequatur fugiat. Rem porro velit nisi eum et nemo fugiat.','2012-11-16 15:47:08'),
	(120,20,120,'Eos sit tenetur repudiandae velit. Accusamus aut deserunt in qui. Quia corporis magni quasi provident.','1999-06-11 11:16:22'),
	(121,21,121,'Eius corporis culpa et rerum velit. Libero soluta sunt ab ipsam. Quasi consequatur nobis repellat inventore nihil. Et commodi cum tempora praesentium omnis. Blanditiis dolor exercitationem provident quaerat accusantium.','2019-09-06 13:40:44'),
	(122,22,122,'Aut et eveniet iste numquam et dolorem ut. Qui dolores quo quo rerum corrupti. Aut neque et officia pariatur quidem ipsum. Aperiam et nihil iusto vero.','1998-07-13 00:09:08'),
	(123,23,123,'Sapiente dolor assumenda recusandae quia et nobis. Cupiditate maiores totam ut quaerat veritatis non maiores. Voluptatem nulla consequatur consectetur optio magnam porro quia quam. Aut fuga distinctio cupiditate necessitatibus molestiae.','1970-07-18 10:17:40'),
	(124,24,124,'Et quidem quia mollitia distinctio ratione facere nihil. Beatae ea in ea qui et unde blanditiis. Porro saepe at cum. Aut et fugit reiciendis et magni ut.','1994-06-03 19:36:17'),
	(125,25,125,'Omnis consequatur error id sit eveniet provident nostrum. Minus in recusandae ipsam ab explicabo non. Natus minima at ea quidem a qui quibusdam quasi.','1978-01-16 10:45:26'),
	(126,26,126,'Qui voluptatem debitis quos animi. Aut inventore quasi ut ut voluptas. Unde aut et illum. Blanditiis quis aspernatur voluptatibus explicabo ex voluptas.','1981-03-07 03:36:56'),
	(127,27,127,'Quisquam sunt eligendi esse consequatur sint beatae. Aut praesentium ea expedita. Similique aspernatur mollitia qui asperiores.','2001-08-14 10:43:19'),
	(128,28,128,'Rerum earum quidem facilis non. Voluptatem rerum error nulla corporis non dolores. Est nostrum qui perspiciatis labore voluptatibus laborum et.','1976-06-29 19:11:27'),
	(129,29,129,'Ipsum quasi voluptate quidem et. Enim est suscipit incidunt. Et placeat eos ab optio dolor cumque dolore.','1984-02-06 12:14:05'),
	(130,30,130,'Quas officia blanditiis omnis blanditiis officiis repellat. Sint suscipit ut ipsum dolore qui quia cumque.','1979-01-05 01:58:47'),
	(131,31,131,'Deserunt dolores rerum quae distinctio et sit. Aut ducimus porro maiores fugit dolore enim. Nesciunt magni voluptas impedit quos.','1991-07-27 23:50:31'),
	(132,32,132,'Est cumque temporibus qui dolorum aspernatur doloribus ut. Recusandae necessitatibus omnis nihil impedit ipsa iure impedit repudiandae. Error quia eum culpa quaerat. Hic qui sint sit.','1979-02-26 21:31:21'),
	(133,33,133,'Quasi ut iure modi quis exercitationem sunt est. Odio praesentium voluptatibus nesciunt omnis suscipit.','1981-08-30 22:21:45'),
	(134,34,134,'Omnis fuga asperiores ut. Ipsa dolorem occaecati dignissimos ducimus quos. Sit occaecati quia excepturi delectus commodi cum. Minus voluptatem omnis omnis voluptatum aut quia quo.','2020-07-10 23:58:30'),
	(135,35,135,'Iste et et minima quaerat odio qui. Omnis ipsum pariatur quia vel possimus. Laboriosam libero ratione explicabo non dolorem rerum. Distinctio ut et fuga distinctio maiores atque.','1981-10-04 17:32:47'),
	(136,36,136,'Et recusandae omnis officiis inventore. Ratione voluptatem suscipit sit ut voluptatem. Eligendi qui ea vero illo dolorem quas. Doloremque explicabo assumenda veritatis quo voluptates non.','2010-02-25 14:01:18'),
	(137,37,137,'Consequatur aspernatur vel voluptas nihil reprehenderit dicta nesciunt. Eligendi vitae rerum est eos. Aliquid eos atque dolorem sunt ut magni. In occaecati consequatur consequuntur est et.','1986-09-01 19:20:09'),
	(138,38,138,'Quaerat error harum aperiam sit consectetur. Et deleniti nesciunt ipsam voluptatum. Magni laboriosam voluptatibus accusantium illum. Quisquam sit non reiciendis hic. Vitae hic commodi quos consequuntur veritatis est velit.','1976-01-17 11:30:47'),
	(139,39,139,'Ut illum culpa tempora quo dolor. Fuga eaque et et delectus placeat omnis. Quis culpa molestias blanditiis hic a.','2020-09-22 09:46:40'),
	(140,40,140,'Ut ut quam aut sed corrupti. Quisquam omnis qui odio sit recusandae vitae fugiat iure. Ipsa officia sed magnam. Qui rerum eos natus tenetur saepe. Sit inventore similique officia at optio incidunt.','2001-03-02 09:45:47'),
	(141,41,141,'Quo neque sunt tenetur et delectus non labore. Quisquam deserunt eos repudiandae cum eos. Earum cumque quo qui officiis aut non. Sint magnam non nihil.','1994-06-20 11:12:04'),
	(142,42,142,'Sunt ex unde dignissimos quas ea molestias. Quo beatae distinctio autem dolores ut ex pariatur. A porro amet earum ex iure. Facere id qui culpa sit excepturi et.','2010-10-24 18:09:57'),
	(143,43,143,'Sed et eveniet officia quo. Repellendus alias libero autem hic quos ad accusamus. Qui numquam aut quo consequatur nisi. Qui quisquam voluptatem atque perferendis.','1983-10-01 17:40:09'),
	(144,44,144,'Sit consequatur voluptas cupiditate itaque. Incidunt et similique molestiae tempora. Repellat aut voluptas accusamus nisi reprehenderit ratione dolore. Natus quibusdam odit consequuntur molestiae.','1977-07-07 02:59:36'),
	(145,45,145,'Unde eum tenetur est. Quis quod praesentium architecto quo delectus. Mollitia quia aliquid nobis.','1996-11-01 08:56:38'),
	(146,46,146,'Neque explicabo repellendus impedit soluta aut quia et temporibus. Harum recusandae doloribus perspiciatis odit. Aut tempore molestias sit fuga.','1992-07-09 03:39:09'),
	(147,47,147,'Quis et laboriosam omnis vero architecto optio animi. Magni quas exercitationem tempore ut corporis esse sint. Voluptatem a accusamus explicabo et aspernatur sit.','1974-07-27 04:18:52'),
	(148,48,148,'Repellat voluptatem ut quia voluptatem nulla occaecati. Dolores animi id sed natus optio ipsum.','2002-02-15 17:30:25'),
	(149,49,149,'Et quos eum velit non qui. Rerum atque voluptatibus sed rem quas vel. Voluptatum ipsa voluptatem non fuga incidunt.','2000-11-07 21:23:00'),
	(150,50,150,'Molestiae quod minima et quisquam facere. Natus expedita maxime est ex.','1970-02-02 08:31:30'),
	(151,51,151,'Aut aut velit et suscipit aperiam aut. Quas dicta reiciendis ut nihil dolores id. Rerum unde qui omnis aut suscipit. Et inventore sit enim voluptatibus odit.','1977-05-04 08:19:58'),
	(152,52,152,'Voluptas est explicabo reiciendis blanditiis sunt velit. Nesciunt quis nobis quia sunt. Autem blanditiis omnis itaque et occaecati. Soluta voluptates minus quasi velit ea.','1973-07-05 22:41:49'),
	(153,53,153,'Assumenda enim nemo odio omnis consequatur. Praesentium fuga recusandae et aut ut tenetur beatae et. Quidem consequatur officiis ab. Quae perspiciatis modi aliquam consectetur et.','1996-12-22 10:19:10'),
	(154,54,154,'Vel voluptatum eum est. Fuga quidem aliquam occaecati voluptatum magnam fugit. Provident animi consequuntur totam quo tempore tenetur.','2007-04-11 01:35:18'),
	(155,55,155,'Illum amet consequatur esse vel modi et. At laborum rem delectus voluptas id repellat magni aliquid. Vero ut qui et reiciendis quis modi perferendis natus. Aspernatur repellat id dolores quasi suscipit vero.','2014-06-04 22:32:16'),
	(156,56,156,'Illo eligendi eum ut esse quas dolorem et. Quis qui culpa eos quia ex itaque assumenda. Illo dolor omnis nihil recusandae ipsam ullam. Qui nisi velit enim nostrum delectus.','1982-11-21 17:40:33'),
	(157,57,157,'Porro aperiam accusamus aliquid suscipit quis. Necessitatibus vitae et asperiores. Velit at cumque voluptas et enim recusandae.','1974-11-13 05:02:27'),
	(158,58,158,'Qui labore qui explicabo sed. Et cupiditate incidunt illo nobis at quia totam omnis. Et nihil qui provident dolor quibusdam amet laboriosam.','2010-07-11 23:26:49'),
	(159,59,159,'Debitis debitis ex autem. Fuga quo aut aut quis cumque. Occaecati sint non dolores voluptas laudantium.','1999-09-05 07:24:08'),
	(160,60,160,'Quaerat porro recusandae qui qui. Vel cum debitis dolores sed distinctio ut. Velit necessitatibus qui adipisci nam aspernatur.','1985-01-12 03:57:37'),
	(161,61,161,'Aperiam officiis sint et perspiciatis quasi nam. Alias cum nobis consequatur reprehenderit. Nihil porro consequuntur quae quis delectus debitis ab excepturi. Ut neque laboriosam veniam sed sunt.','1997-07-26 00:29:15'),
	(162,62,162,'Est modi cum consequuntur deserunt harum voluptatem eaque repellat. Non ad sunt facilis eum dolor deleniti non dolor. Nobis voluptatem laboriosam quia aut corporis.','2010-12-21 17:02:30'),
	(163,63,163,'Odio quia voluptatum qui laboriosam cupiditate sunt. Explicabo consectetur qui quis quo. Enim iste maxime aut ipsam rerum. Quia ut deleniti in laudantium.','2018-06-05 01:18:33'),
	(164,64,164,'Ea est ea ut dolor quibusdam. Aliquid qui eveniet consequatur mollitia. Quidem aut quo incidunt aliquam. Saepe rerum pariatur sint.','1987-02-15 01:42:24'),
	(165,65,165,'Doloremque eaque quisquam incidunt optio. Consequatur consequatur voluptates odit nisi quam. Ea atque aliquam quo corporis.','2003-04-08 14:30:55'),
	(166,66,166,'Ullam nihil deleniti architecto et dicta. Qui magni ut aut eaque quae fugit. Ratione non repellendus explicabo dolores qui.','2013-04-12 06:32:04'),
	(167,67,167,'Labore debitis et voluptatem facilis ut voluptas. Iste tempore quasi necessitatibus asperiores dolores. Aut repudiandae qui at totam optio libero quisquam. Amet et voluptatum accusamus corrupti accusamus quaerat eaque.','2018-01-23 09:38:40'),
	(168,68,168,'Voluptate ut rem quasi explicabo vel ut. Porro enim distinctio ullam enim quo quae.','1999-10-31 06:17:07'),
	(169,69,169,'Dolorem neque cumque sint qui est occaecati error est. Quidem inventore laborum quasi culpa fuga. Eum in aut est quidem ea. Consequatur quod quo quo veritatis omnis.','2021-09-01 08:19:27'),
	(170,70,170,'Est ad deleniti omnis omnis autem soluta cumque harum. Veritatis corporis animi nulla eveniet. Quod est dolorum nihil qui dignissimos officiis reprehenderit. Et doloribus magnam suscipit sint nam cumque consequatur explicabo.','1989-05-12 21:54:55'),
	(171,71,171,'Modi architecto reiciendis porro nobis laudantium tempore voluptatem quae. Temporibus praesentium vel corporis harum. Tempore voluptas fuga reiciendis voluptatem molestias.','2002-10-13 15:34:10'),
	(172,72,172,'Beatae maiores fuga et. Nihil sit nobis nulla voluptate non. Eius enim est ipsum ut neque.','1989-11-23 00:09:46'),
	(173,73,173,'Assumenda corrupti consequatur non corporis illum. Enim voluptatem sint facere sed. Illo quia necessitatibus quod enim. Vitae placeat repudiandae eos.','1995-02-16 07:23:28'),
	(174,74,174,'Et blanditiis esse eum non. Et cum deserunt voluptate sunt minus. Debitis qui repudiandae laborum omnis est ipsum.','2000-12-07 15:25:55'),
	(175,75,175,'Enim voluptatum maiores laboriosam at. Dolorem cum est fugit tempore deleniti incidunt voluptatem. Excepturi dolorum nobis quam dolores voluptas facere natus voluptatem. Ut odio consequatur ipsam.','1993-07-16 19:13:17'),
	(176,76,176,'Voluptatem qui aut ab voluptatibus tempora dolores voluptas. Eius sint nulla impedit adipisci dolor dolores et. Temporibus sint repellat adipisci facilis et aut.','2016-08-08 16:58:45'),
	(177,77,177,'Facilis et repudiandae porro et consequatur. Cum officiis qui et delectus temporibus quo. Sapiente reprehenderit aliquid ut. Suscipit quo facilis consequatur. Quia sed nam illum ut iure voluptas.','2018-10-12 01:18:18'),
	(178,78,178,'In dolorem quo voluptatibus dignissimos quos labore commodi iure. Quod aut et qui hic atque veritatis. Sed praesentium consequatur recusandae aspernatur iste suscipit nobis et.','2011-09-27 11:47:53'),
	(179,79,179,'Culpa quibusdam quod expedita voluptates ea soluta. Ducimus maiores explicabo et omnis molestiae. Aut nostrum sequi aut rerum quia omnis. Voluptas reprehenderit et dolore veritatis. Fugiat sequi eveniet quidem omnis similique officiis ut.','1997-03-27 11:57:34'),
	(180,80,180,'Tempora rerum impedit doloremque atque atque quasi aut. Nemo ut et aut omnis. Velit officia tempora qui sunt occaecati.','1998-11-28 08:16:42'),
	(181,81,1,'Voluptate accusantium vel quis corporis dolorem animi. Fugiat et et ab velit et voluptatibus. Libero atque necessitatibus non dignissimos. Suscipit voluptatem rem autem quo.','1970-06-04 15:26:50'),
	(182,82,2,'Tenetur veritatis sapiente ea veritatis temporibus. Praesentium et ipsum neque recusandae eos sit veniam. Quasi officiis ab quia sunt. Eos ipsam voluptas dolores magni rerum.','1982-01-11 03:27:11'),
	(183,83,3,'Totam voluptas inventore vel voluptatem qui assumenda. Rerum aut et illum ea et magnam voluptates ad. Tenetur autem corporis sunt qui non hic. Voluptatum aut sunt deleniti quibusdam nemo quia sed.','2019-03-23 21:59:46'),
	(184,84,4,'Repellat voluptate vero possimus adipisci voluptatem. Aut reiciendis itaque tempore excepturi voluptatem aut qui. Minima ipsum nisi aut ullam officia mollitia. Et veniam ipsa nobis debitis.','2013-09-28 19:22:24'),
	(185,85,5,'Excepturi pariatur aperiam et natus recusandae aut. Et nihil ut voluptatum magnam impedit eaque. Non natus molestiae et repudiandae dolorem laboriosam.','2001-07-28 19:39:23'),
	(186,86,6,'Nulla unde quod temporibus rerum. Possimus commodi et omnis. Nihil iste amet quo blanditiis. Totam saepe corporis recusandae.','2010-03-03 06:27:25'),
	(187,87,7,'Est cupiditate ut et exercitationem a consequatur voluptas molestiae. Aut ut sit sint quo. Aut molestias molestiae non.','2000-05-23 21:26:53'),
	(188,88,8,'Nemo provident in repudiandae molestiae pariatur. Eos facilis soluta eius ipsam enim consectetur. Rem ex perferendis qui et. Ut neque optio quaerat occaecati. Ab voluptatibus accusantium quia facilis.','2006-11-20 01:19:31'),
	(189,89,9,'Ut non ad corrupti nobis sint ex. Deserunt voluptatem inventore eveniet sed. Corrupti eos error laborum. Natus eligendi odio nam perspiciatis animi dolor.','1976-09-28 23:08:09'),
	(190,90,10,'Explicabo suscipit asperiores corporis libero sit et et. Omnis eum vitae impedit eum aut eveniet ut. Sequi aperiam nostrum et delectus.','1996-05-22 19:04:25'),
	(191,91,11,'Quam optio optio sit nihil velit. Minus sequi eligendi veritatis accusantium. Voluptate quis deserunt necessitatibus ipsa voluptas voluptatum.','1991-06-01 02:17:09'),
	(192,92,12,'Voluptatum aut totam soluta doloribus et repudiandae. Provident itaque nesciunt rerum dolorem et et. Ratione ullam numquam magnam ducimus omnis eius harum.','2012-01-23 08:15:22'),
	(193,93,13,'Culpa qui qui accusantium nesciunt qui excepturi et. Eos sunt tempora maxime voluptates perferendis. Dolor voluptatem ab id repudiandae. Nobis natus nesciunt nostrum aut consequatur aut ut.','2010-12-22 00:03:10'),
	(194,94,14,'Deserunt voluptatem quod blanditiis quo dolorem consequatur qui. Modi ut sed vitae aliquam porro. Quia repellendus tenetur alias odit sint.','1971-09-13 14:39:31'),
	(195,95,15,'Laudantium aliquid sequi accusamus perferendis iste labore qui itaque. Odio porro aliquid porro odit. Delectus ea ipsam et quidem exercitationem. Doloribus quam quae saepe id culpa enim odio.','1978-02-08 06:27:12'),
	(196,96,16,'Asperiores sit corporis eos aut. Excepturi animi incidunt perspiciatis rerum deleniti. Ut natus vel illo cupiditate animi quam ab. Esse nam occaecati sit consectetur quo est.','2004-09-28 12:08:54'),
	(197,97,17,'Dolorem asperiores qui ut. Rerum ut saepe ut placeat. Doloremque amet assumenda molestias enim suscipit.','1975-02-08 18:49:51'),
	(198,98,18,'Exercitationem laboriosam necessitatibus omnis ad tenetur voluptatem. Fugiat eos soluta recusandae illo saepe voluptas ipsa corrupti. Odio voluptatem corrupti inventore ducimus rem molestiae hic. Ad delectus ut odit voluptate distinctio.','1972-06-19 13:37:45'),
	(199,99,19,'Quisquam aliquam est et qui. Veritatis perspiciatis error architecto pariatur ullam accusamus quam quo. Vel fuga sequi dolore rerum sequi facilis.','2020-12-31 15:07:41'),
	(200,100,20,'Labore totam dolorum voluptatum soluta quaerat id rerum sit. Sint ut ut odio nulla qui officia temporibus molestiae.','2006-06-03 01:01:21'),
	(201,1,21,'Adipisci harum sit sapiente consequuntur magnam maxime itaque. Ipsam perferendis qui voluptatum incidunt libero quae consequuntur. Qui qui unde voluptas ratione molestiae corporis. Magnam et corporis provident dolorum enim molestiae sit.','1986-08-09 23:33:49'),
	(202,2,22,'Libero nisi dolorum est accusamus. In voluptas laboriosam quia dolores facere.','2003-06-21 04:27:28'),
	(203,3,23,'Cumque corrupti qui ut maxime aut. Quidem accusantium quos vero cumque. Architecto officia reiciendis fugit repellendus totam velit ex.','1981-11-15 13:32:23'),
	(204,4,24,'Rerum quisquam suscipit illo ut non. Occaecati ut nisi omnis nulla. Animi incidunt ipsa mollitia quasi.','1972-04-24 18:54:03'),
	(205,5,25,'Amet ab qui amet et atque quasi. Dolores consequatur nihil provident dolorum odit id.','2011-08-09 13:01:03'),
	(206,6,26,'Saepe officiis ducimus consectetur. Eum est corporis sit minima reprehenderit voluptatem. Asperiores adipisci voluptatem voluptate ratione.','1995-07-08 04:31:45'),
	(207,7,27,'Quis debitis dicta eum quis officiis. Voluptas dolorem nihil corporis eum. Quia eos quos nihil in.','2014-07-14 19:24:41'),
	(208,8,28,'Ex consequatur minima eligendi laudantium. Est vel unde non pariatur et.','2003-01-19 00:37:05'),
	(209,9,29,'Voluptate aut accusamus in tempore. Id ratione ea et provident dolorem dolores. Accusantium fuga eos reprehenderit inventore et sequi et. Laboriosam qui incidunt et aut consequuntur iste.','2021-09-26 15:46:58'),
	(210,10,30,'Non dolores provident voluptas pariatur. Iusto quia minus deserunt ut. Reprehenderit quam esse quia commodi veniam.','1974-08-13 12:41:45'),
	(211,11,31,'Laudantium enim consequuntur qui corrupti. Reprehenderit quo velit quod autem. Quas cum exercitationem nesciunt at quidem quod. Delectus animi qui quaerat quidem quisquam.','2013-01-01 12:45:52'),
	(212,12,32,'Mollitia beatae ipsum possimus. Ratione nam est et qui officia voluptatem illo. Magni iure quibusdam aut placeat qui qui sed.','2019-01-18 03:14:11'),
	(213,13,33,'Eius alias molestias harum velit sint ipsum perspiciatis. Dolorum fugiat pariatur voluptatum nostrum dolores non omnis. Nihil maxime voluptate nihil minima.','1996-10-16 12:41:11'),
	(214,14,34,'Voluptatum vitae blanditiis veniam nesciunt. In rerum quas corrupti dolor aut repudiandae. Voluptatem similique voluptate est hic consectetur animi aut. Impedit voluptas et rem ut quasi. Harum officiis aspernatur distinctio.','2011-11-04 05:57:26'),
	(215,15,35,'Velit molestiae voluptatem nihil inventore. Provident repudiandae blanditiis enim necessitatibus qui. Eos non quia rerum dolor illo.','2019-06-01 19:49:11'),
	(216,16,36,'Sint soluta consequatur nesciunt in et quisquam. Laudantium ut dolor impedit molestias. Nisi voluptas est officia.','2003-03-17 23:25:31'),
	(217,17,37,'Deserunt voluptatem voluptas esse et explicabo sint dolores. Fugiat non nulla doloribus quas quos. Consectetur dolor quia magni sunt ad quo.','2008-12-24 12:35:38'),
	(218,18,38,'Et quis beatae eum autem ex hic. Odit enim itaque occaecati. Ex asperiores corporis id repellendus.','1982-02-03 21:22:39'),
	(219,19,39,'Autem accusamus quasi quia. Nam officia cum et deleniti. Ea necessitatibus rem quis et ullam atque. Aut officiis tempore vero aut autem.','2014-08-08 00:26:20'),
	(220,20,40,'Eos quos sequi tenetur at voluptas assumenda corrupti. Exercitationem est quam eum. Quasi voluptatem suscipit accusamus quaerat numquam est. Velit dolores excepturi libero reprehenderit est quod et.','1995-03-20 01:43:18'),
	(221,21,41,'Qui quae soluta qui velit quod libero non. Animi possimus esse assumenda sequi. Similique veniam aut similique minima non recusandae odio ducimus.','2006-11-16 13:58:36'),
	(222,22,42,'Qui aut non sequi iusto sit voluptas. Odio esse quisquam et voluptas autem. Pariatur voluptas ut minus at veritatis quas. Eveniet vitae modi facilis quam minus eaque.','2003-04-21 09:04:46'),
	(223,23,43,'Eius quo molestiae quas quidem qui dignissimos. Quia iusto quia nulla voluptatum ab ipsa. Esse quo qui omnis natus impedit.','2014-07-27 22:15:01'),
	(224,24,44,'Accusamus similique corrupti libero reiciendis. Nihil qui blanditiis sit quia suscipit. Expedita consequatur nihil velit perspiciatis impedit iste. Non fugiat quos eos et unde est.','1988-11-17 12:40:57'),
	(225,25,45,'Maxime eos id est exercitationem. A doloribus cupiditate eius voluptas aut est.','1976-02-28 00:40:50'),
	(226,26,46,'Aut maxime nihil neque facilis accusantium nisi similique illum. Atque et odio necessitatibus. Ea aliquid praesentium eum maxime veritatis molestiae at illo. Enim sed ut voluptatem culpa ullam quia quaerat.','1978-07-01 21:56:47'),
	(227,27,47,'Voluptas consequatur tenetur iusto minus ut tempora. Nostrum culpa laborum fugiat id. Perferendis iure aut aliquam qui et quas. Ex qui deleniti sunt.','2000-04-22 02:18:18'),
	(228,28,48,'Ea assumenda perspiciatis et molestiae dolorem. Ea est deserunt quidem voluptatem odio. Culpa nisi aut et non. Et provident deserunt eius rem sit.','2006-09-10 02:26:14'),
	(229,29,49,'Consequatur temporibus ea et iusto aut ut ut. Natus magni aliquid et eum et quisquam. Fugiat animi reprehenderit velit quia. In sit neque ratione culpa molestias nihil qui quaerat.','2005-05-03 13:11:32'),
	(230,30,50,'Nulla quibusdam molestiae eum. Ut ex excepturi et ab. Quasi expedita sunt qui iure ut omnis at.','2017-04-03 17:46:33'),
	(231,31,51,'Hic ut similique id placeat. Natus sint praesentium dolore dolorem eaque. Ut error consectetur enim totam odio. Dolorum nisi ab dolorum porro delectus qui sit sequi.','2008-04-08 04:39:48'),
	(232,32,52,'Rem sit id ea dolorem dicta. Eum rerum necessitatibus nihil labore perspiciatis veniam doloribus placeat. Provident quo totam quae minima eaque excepturi in. Dolor quis commodi dolore aut.','1985-06-01 07:29:06'),
	(233,33,53,'Vel vero maxime perferendis reprehenderit necessitatibus asperiores quasi. Non explicabo fugit sit. Accusantium et ea soluta fugiat impedit.','1993-06-12 21:49:15'),
	(234,34,54,'Sunt sunt veritatis praesentium quis a ipsum. Sequi sint velit architecto ut qui quibusdam. Quis reiciendis voluptate possimus ducimus voluptas.','1981-11-23 04:17:08'),
	(235,35,55,'Qui sapiente aliquid voluptas dolores sit omnis. Distinctio nostrum et optio libero consectetur. Velit recusandae soluta quidem voluptatem veniam quasi quo.','2013-01-27 03:03:00'),
	(236,36,56,'Perferendis aut blanditiis aut modi asperiores provident. Repudiandae ducimus vel hic qui tenetur. Harum adipisci possimus ut eligendi qui aut nam. Dolorum cupiditate neque rerum repellat dolorum assumenda totam.','1988-10-21 07:05:25'),
	(237,37,57,'In dolores libero sunt corporis minima delectus quod reiciendis. Inventore est sit est explicabo. Aperiam et dolores vero illo asperiores.','2004-11-19 01:07:29'),
	(238,38,58,'Quia ab cumque debitis excepturi ad ea labore. Sit deserunt sunt sit omnis. Maxime consequatur officia similique animi quam eius incidunt. Commodi est occaecati soluta impedit doloribus voluptas.','1979-04-19 16:22:18'),
	(239,39,59,'Rem sunt molestias porro similique non. Ab impedit voluptatem hic sunt odit. Omnis sapiente voluptates non aliquam perferendis enim et saepe. Dolor eaque eaque qui asperiores et aut eaque ipsam.','2016-11-12 18:14:53'),
	(240,40,60,'Illum perspiciatis est quos recusandae. Dignissimos sed recusandae in. Ea ratione voluptas labore magni iure et ea.','1971-05-20 19:16:35'),
	(241,41,61,'Veniam vitae aut odio iste officia eaque. Similique beatae voluptas et esse occaecati et nesciunt. Minima sapiente in eum. Autem in et nesciunt nihil et.','1976-03-09 15:23:45'),
	(242,42,62,'Repellendus veritatis dolor eveniet culpa qui minima tempora tempore. Deleniti qui aliquam qui incidunt quis est ipsa et. Possimus saepe et autem error fuga. Consequatur in quo distinctio.','2020-06-26 00:35:26'),
	(243,43,63,'Deserunt veritatis quia occaecati quisquam. Repudiandae sit harum asperiores dolorem. Totam illum dicta omnis enim enim ut debitis. Laborum ratione neque non voluptas est quo suscipit natus. Voluptatem soluta voluptatem et accusantium et non.','2021-03-06 19:08:12'),
	(244,44,64,'Deleniti omnis qui nostrum nulla aut praesentium. Autem rerum est culpa ut dolor molestiae. Provident optio autem praesentium et enim autem. Labore tempora ut reprehenderit qui quibusdam mollitia.','1974-01-28 01:37:42'),
	(245,45,65,'Autem velit incidunt tempore quae cumque consequatur. Sit quidem ad quis perspiciatis. Consectetur eveniet occaecati non. Aut et quo ut quod. Excepturi fuga ipsa suscipit commodi inventore harum rerum.','2008-04-03 01:33:54'),
	(246,46,66,'Consequuntur numquam perspiciatis vel quo natus. Aliquid impedit ratione ex nihil libero ut. Quo error similique incidunt assumenda voluptatem voluptatum. A animi amet ipsum. Assumenda inventore qui sint aperiam sint.','2020-02-25 02:20:53'),
	(247,47,67,'Officiis saepe sit est et. A quod sint labore eius ex. Maxime ut et qui fugiat optio possimus nobis.','1990-01-26 03:57:18'),
	(248,48,68,'Repellendus sit fuga quam consectetur nobis ut veniam. Quod doloribus nam vitae et eum totam excepturi.','1994-04-01 06:46:50'),
	(249,49,69,'Quia tenetur nostrum ut voluptatem aspernatur. Non sapiente minus quam deserunt ut nesciunt. Libero voluptatem id dolore illo ut quia laborum. Soluta magni nisi tempora.','1971-09-19 03:51:02'),
	(250,50,70,'Dolores fugit et ipsa. Necessitatibus quia quasi blanditiis deleniti rerum ad. Deleniti deleniti minima et quo qui ullam harum. Ut quibusdam quia aliquam sunt. Natus earum omnis quibusdam eius et quam odio amet.','1972-09-22 08:33:25'),
	(251,51,71,'Qui est natus qui sunt quas. Qui nesciunt ut perferendis dolore facilis excepturi quasi consequatur. Non qui ipsa perferendis et ut.','1990-11-30 14:40:34'),
	(252,52,72,'Aliquid et necessitatibus eaque eligendi iure. Eaque commodi aspernatur nemo aut voluptatem. Ex et enim cumque et accusantium rerum consequatur numquam.','1993-08-29 02:17:02'),
	(253,53,73,'Sit autem quod eos molestias sit. Quos earum impedit hic voluptas id. Debitis fuga neque velit dignissimos facilis. Perferendis illo delectus numquam.','2020-10-10 23:31:13'),
	(254,54,74,'Sunt debitis non eligendi et placeat. Officiis nisi fugit incidunt et dignissimos veniam quos. Tempore fuga nostrum qui eos recusandae dolor.','2001-03-01 07:13:01'),
	(255,55,75,'Sequi incidunt consequuntur est at. Iure dignissimos est maxime. Aspernatur laudantium dolorem culpa quisquam iste. Molestias facilis odio quia.','1989-10-23 12:22:42'),
	(256,56,76,'Asperiores sequi voluptas hic aliquid tempore est autem. Minima est nobis qui sunt dolores est. Est aliquam sunt nisi nihil eius voluptatem.','2015-11-11 20:50:27'),
	(257,57,77,'Dolor molestiae ab qui rem. Ab aut voluptas aliquam sequi.','1999-09-28 20:27:37'),
	(258,58,78,'Ipsa ut inventore alias ea vitae consequuntur ratione. Aliquam qui veritatis ipsa itaque illum. Maxime dignissimos delectus ratione impedit aut. Minima ut similique quia eaque quos quod cupiditate.','1985-11-17 13:48:37'),
	(259,59,79,'Beatae quisquam iusto tempora ipsa. Aperiam labore sed voluptatem odio sint eum nihil. Praesentium unde maxime cum non aspernatur dolores.','1978-10-21 18:45:46'),
	(260,60,80,'Cumque sed aut ipsam unde rerum ea. Sint in nihil commodi sit quasi consequuntur sequi. Magnam ratione ipsum non. Aut similique accusamus mollitia exercitationem expedita neque eveniet. Sit nihil vero reiciendis.','2020-07-19 04:21:43'),
	(261,61,81,'Dolorem aut rerum quas ipsum pariatur provident fuga. Sint consequatur cupiditate quibusdam. Quas quam ea asperiores voluptate est omnis magnam.','1971-04-09 04:29:51'),
	(262,62,82,'Vitae aut omnis ratione laudantium veritatis et sed animi. Dolor rerum ea sint repudiandae ut autem velit. At voluptate eos dolorem qui ut tenetur et. Porro sit eum temporibus.','1982-07-02 18:01:31'),
	(263,63,83,'Sapiente velit voluptates voluptatibus voluptatem in harum natus. Inventore consequatur ducimus et qui.','1971-06-23 00:02:46'),
	(264,64,84,'Qui in pariatur enim rerum. Ab repellat dolor tempora eum debitis dolores. Est voluptatem aut tenetur qui. Beatae temporibus distinctio et voluptates sint aut culpa voluptatem.','1983-08-14 01:28:30'),
	(265,65,85,'Et harum voluptatem sit. Et quia rerum eum veniam quos dolor facilis. Facilis dignissimos quia dolorem est sequi. Id illo non sed labore ut qui.','1989-12-16 09:45:57'),
	(266,66,86,'Expedita debitis sint eos ipsa. Cum amet in a eveniet aut et. Qui in dolores est deserunt corporis perspiciatis aut sit.','2004-08-08 02:33:29'),
	(267,67,87,'Ab facere repellendus soluta molestias est ducimus quo. Accusamus corporis omnis delectus veritatis est quibusdam magnam. Omnis non porro error voluptatem doloremque quis. Ducimus fugiat aut ad doloribus porro praesentium.','1975-05-09 21:46:07'),
	(268,68,88,'Tempora optio ducimus perspiciatis. Sunt nulla rem ut occaecati incidunt illo consequatur. Et at sapiente ut fugiat hic. Dignissimos nobis mollitia in voluptatem quia.','2013-08-20 17:02:54'),
	(269,69,89,'Unde laborum voluptatem esse. Et commodi minus assumenda. Repudiandae reiciendis rerum asperiores quia eaque.','2000-02-22 07:53:39'),
	(270,70,90,'Et harum aliquid aut et autem enim. Autem fugit repellendus enim molestias fugit expedita non. Doloremque voluptates reiciendis quidem reprehenderit aut. Rerum sapiente est vel eum.','1977-09-15 00:57:14'),
	(271,71,91,'Ipsam perspiciatis sequi ullam quis sunt. Voluptatem voluptate consectetur et fugit nobis ullam quis. Repellat dolore nesciunt ratione reprehenderit et expedita. Eos enim dolorem eaque non et vitae et. Rerum vero soluta est odio sed.','2021-01-28 03:34:50'),
	(272,72,92,'Aspernatur voluptatem repudiandae possimus consectetur et minus quis. Accusantium qui aut et voluptatem est nisi eum. Laboriosam accusantium explicabo illo atque omnis. Quaerat perspiciatis quibusdam ipsum optio rerum.','1997-09-15 03:15:59'),
	(273,73,93,'Et ut et quidem voluptates mollitia quas voluptas. Accusantium iusto nisi recusandae doloribus beatae culpa. Rerum voluptatem numquam nihil nobis.','1977-04-11 00:14:08'),
	(274,74,94,'Tenetur soluta non molestiae numquam ut quisquam doloribus. Necessitatibus nihil molestiae neque cumque. Laborum similique facere asperiores error sit. Nihil ex quos repellat tempora.','2017-09-26 10:10:01'),
	(275,75,95,'Similique ut omnis perferendis animi omnis velit quibusdam praesentium. Fuga libero temporibus quibusdam ducimus. Quos qui impedit vel velit.','2017-08-28 15:50:02'),
	(276,76,96,'Iste sunt possimus qui error expedita. Aperiam dolore accusamus enim nisi. Sit ut sit id vitae quae nisi voluptas.','1977-06-24 22:41:06'),
	(277,77,97,'Dolorem soluta nihil assumenda et. Perspiciatis mollitia aliquid voluptas vero quisquam iusto. Dolorem aut dolores eos facere.','2006-10-16 04:08:15'),
	(278,78,98,'Iste temporibus non illo cum. Est et nemo ut qui impedit. Earum eos et et aliquam ea.','1992-02-18 20:16:00'),
	(279,79,99,'Maxime tenetur ad est repellendus omnis ipsa et. Et perferendis nisi ab veniam ab. Error culpa sed consequuntur adipisci tenetur.','1971-05-10 13:09:01'),
	(280,80,100,'Ut repellat qui et saepe sunt totam. Consequatur inventore est omnis quis enim enim. Totam architecto aut sapiente est enim. Aliquam neque sint eligendi maiores.','1990-02-24 17:29:32'),
	(281,81,101,'Esse iusto illo et qui. Ut fugit velit qui assumenda aliquid corporis. Qui nam autem qui aut ea.','1970-07-27 21:24:46'),
	(282,82,102,'Amet culpa assumenda voluptatibus dolorem saepe labore. Nam repellat id minima qui ullam error enim. Dolore modi quis quam corrupti sit beatae expedita. Vero deserunt ducimus non rem hic tempore.','1995-08-23 00:36:09'),
	(283,83,103,'Suscipit veritatis eveniet quae autem qui sed omnis. Laudantium est inventore qui earum. Praesentium vel earum velit ipsum accusamus consequuntur sit.','1989-06-04 23:43:19'),
	(284,84,104,'Beatae harum officiis voluptate aspernatur iste corrupti aut. Id libero quae quia consequatur quia magnam. Doloremque esse quos accusamus fuga ipsa. Et impedit maiores nemo omnis.','1978-03-03 01:04:15'),
	(285,85,105,'Dignissimos corrupti ducimus explicabo. Vero qui molestiae atque. Repellat dolore perferendis ullam eius iusto ratione nesciunt. Maxime mollitia eum ipsum nihil quos suscipit.','1971-12-11 10:08:43'),
	(286,86,106,'Saepe quo vero natus illo. Voluptatem in nemo nam reiciendis iusto sunt modi. Aut dolores est suscipit exercitationem magnam cum ad. Repudiandae error ullam a labore omnis.','1975-10-05 18:43:26'),
	(287,87,107,'Et facere explicabo culpa velit. Labore eum quo consectetur vero qui reiciendis. In culpa velit asperiores et aspernatur delectus ea.','2021-02-06 22:15:58'),
	(288,88,108,'Eos earum perspiciatis dolores placeat quia. Eligendi itaque tempore et voluptate modi in eligendi cumque. Consequatur suscipit eos culpa officia officia. Nisi voluptatibus reiciendis inventore rerum earum. Aspernatur officiis et ea aut et esse quod nostrum.','2001-03-12 10:48:55'),
	(289,89,109,'Et consequatur ab rerum illum et in. Architecto ratione occaecati fugiat. Et soluta et pariatur doloremque omnis voluptate deleniti.','2000-12-10 05:03:36'),
	(290,90,110,'Sed illo excepturi necessitatibus sint ratione. Aliquid ducimus cupiditate quaerat ut et qui beatae alias. Porro voluptates ut accusamus. Nam reiciendis repudiandae sed quo quia et.','2006-09-23 02:35:20'),
	(291,91,111,'Quia veniam qui ratione est. Numquam consectetur dolores cum nulla. Maiores excepturi non et est.','2019-01-27 03:23:45'),
	(292,92,112,'Corrupti repellat consectetur qui non et minima earum animi. Debitis repellendus qui doloribus unde et ullam voluptatem. Earum at mollitia quo a. Sit eum ducimus autem.','1998-11-14 11:37:42'),
	(293,93,113,'Iure dolores et eveniet est. Quibusdam corporis beatae explicabo quo accusamus quis officia. Enim officiis cum odit nobis doloribus quidem beatae.','1989-02-07 01:18:09'),
	(294,94,114,'Laborum fuga sit enim et ut rem. Sed velit velit adipisci placeat. Repellat et omnis itaque rerum. Inventore est non facere ab provident et. Fuga et aut minima quibusdam.','1977-12-05 12:00:31'),
	(295,95,115,'Totam distinctio perferendis minima voluptas. Culpa omnis ad quia voluptate enim. Ex qui architecto unde assumenda ab in. Non accusamus nemo suscipit enim.','1977-06-22 23:15:29'),
	(296,96,116,'Nesciunt rerum qui sit enim et illum quae. Quos sit earum quasi dolorem voluptatem impedit et. Blanditiis repellendus possimus accusamus laboriosam et autem deserunt odit.','2013-08-23 20:57:58'),
	(297,97,117,'Voluptas neque dolorem cumque reiciendis sunt sint consectetur nam. Est ut qui quae doloribus ad soluta suscipit. Cum debitis et beatae expedita ut non.','2016-08-18 05:16:23'),
	(298,98,118,'Velit occaecati quis totam nihil enim deserunt similique. Quos eum molestiae sunt illo. Autem quia veniam consequatur nihil ut ex.','2012-07-04 05:13:24'),
	(299,99,119,'Culpa quas reprehenderit optio voluptate. Et quasi velit unde quo sit dolores placeat.','1970-07-05 04:30:23'),
	(300,100,120,'Alias culpa provident qui quia eos eligendi quidem rerum. Placeat nobis sed voluptas. Quia tempore animi dolorem optio eos aut doloribus. Ipsa hic ducimus est fugit nesciunt.','1987-06-23 14:56:58');

-- 9. Наполнение таблицы премиум альбомы:
INSERT INTO `premium` (`id`, `user_id`, `album_id`, `start_date`, `expiration_date`, `price`) VALUES
	(1,1,1,'1978-04-30 08:54:57','2013-01-14 09:33:20',1),
	(2,2,2,'2018-03-03 13:13:41','1992-06-08 18:46:36',14),
	(3,3,3,'1981-12-13 12:02:20','2012-04-27 20:22:18',13),
	(4,4,4,'2004-02-29 22:17:34','1989-07-22 14:34:12',5),
	(5,5,5,'1995-11-12 05:56:38','1972-03-17 14:23:37',10),
	(6,6,6,'1994-04-19 21:16:01','1990-01-20 05:18:31',9),
	(7,7,7,'1995-01-12 13:47:42','1990-03-27 01:59:15',14),
	(8,8,8,'2014-05-19 17:06:32','2010-03-15 05:53:39',6),
	(9,9,9,'1980-11-23 08:48:29','1994-02-15 11:42:22',9),
	(10,10,1,'1998-10-19 23:40:12','1982-07-22 10:10:52',5),
	(11,11,1,'2000-06-19 13:54:10','2000-10-01 01:38:06',3),
	(12,12,1,'1974-06-23 17:01:29','1986-10-07 20:43:05',14),
	(13,13,1,'2021-09-17 22:52:18','2001-03-09 00:46:39',15),
	(14,14,1,'2014-10-05 11:10:34','1991-09-01 09:55:17',11),
	(15,15,1,'2019-12-12 22:18:45','1977-01-30 10:56:47',4),
	(16,16,16,'2014-11-11 17:19:21','1995-12-10 04:34:48',13),
	(17,17,17,'2012-08-02 23:45:00','2004-02-15 01:21:02',1),
	(18,18,18,'2007-07-08 05:26:57','2020-04-06 00:07:20',4),
	(19,19,19,'1992-06-30 18:10:25','1970-05-09 23:15:46',3),
	(20,20,20,'1988-10-30 00:51:13','2005-03-31 21:55:33',11),
	(21,21,21,'1978-08-03 10:37:39','1990-04-03 16:08:46',6),
	(22,22,2,'1993-05-02 07:27:57','1985-01-27 13:58:01',9),
	(23,23,23,'2008-10-21 00:47:54','2013-06-01 03:59:15',8),
	(24,24,24,'1990-12-26 23:04:52','1975-05-02 19:44:53',9),
	(25,25,25,'2010-12-26 12:21:21','1971-06-02 19:46:51',2),
	(26,26,26,'1998-04-07 04:22:12','2021-03-19 15:09:19',13),
	(27,27,27,'2014-05-03 11:12:37','2017-06-03 16:09:18',4),
	(28,28,28,'2002-09-30 22:55:05','2000-04-07 23:29:56',6),
	(29,29,29,'1995-01-18 07:55:16','2015-06-25 13:23:37',4),
	(30,30,30,'2011-04-13 13:57:14','2010-11-17 09:15:47',2),
	(31,31,31,'1971-10-23 03:41:32','1997-01-20 04:14:44',11),
	(32,32,32,'2020-03-07 20:00:16','2004-03-12 12:14:13',8),
	(33,33,33,'2007-06-02 01:12:35','1971-03-19 22:19:45',11),
	(34,34,34,'1994-09-06 10:20:22','2001-03-02 17:29:52',8),
	(35,35,35,'1993-04-25 06:35:48','1977-10-21 13:09:33',11),
	(36,36,36,'1988-07-31 02:25:19','1997-06-17 17:36:43',8),
	(37,37,37,'1987-11-10 21:22:47','2016-06-10 08:44:46',15),
	(38,38,38,'1989-06-17 20:54:21','2017-11-10 06:21:34',11),
	(39,39,39,'2009-07-18 04:43:46','1990-08-29 19:19:20',4),
	(40,40,40,'2005-10-22 22:37:41','2007-03-07 13:02:09',5),
	(41,41,41,'2011-11-23 16:58:17','1987-05-12 11:45:18',1),
	(42,42,42,'1983-07-10 01:35:00','1993-08-29 16:12:56',2),
	(43,43,43,'2011-08-06 00:58:52','1995-10-02 22:35:34',11),
	(44,44,44,'1995-04-30 09:07:51','1996-07-18 02:36:44',5),
	(45,45,45,'1972-11-17 07:19:55','2000-02-07 04:45:16',14),
	(46,46,46,'1989-12-22 16:44:11','1977-05-03 08:52:26',9),
	(47,47,47,'2021-09-12 05:17:20','2006-08-26 04:49:19',13),
	(48,48,48,'2020-08-04 20:51:48','1979-06-24 02:21:47',10),
	(49,49,49,'1993-01-09 15:07:04','1995-03-09 07:22:23',1),
	(50,50,50,'2006-08-09 00:55:24','1986-03-08 18:24:31',7);

-- 10. Наполнение таблицы подписчиков каналов:
INSERT INTO `subscribers` (`id`, `channel_id`, `user_id`, `created_at`, `is_sub`) VALUES 
	(1,1,1,'1973-03-30 19:39:30','\0'),
	(2,2,1,'2013-01-02 15:48:53','\0'),
	(3,3,1,'1986-01-08 23:44:11',''),
	(4,4,1,'2007-02-24 08:15:14',''),
	(5,5,1,'1988-09-12 12:16:28',''),
	(6,6,2,'2011-05-04 22:35:04','\0'),
	(7,7,2,'1983-11-15 01:00:51','\0'),
	(8,8,2,'2005-02-02 00:13:00',''),
	(9,9,2,'1977-11-18 21:54:43',''),
	(10,10,2,'1994-11-01 05:48:45',''),
	(11,11,11,'2008-07-30 22:52:55','\0'),
	(12,12,11,'1971-10-28 13:40:41',''),
	(13,13,11,'1977-11-23 00:48:58','\0'),
	(14,14,11,'2001-10-27 02:35:58','\0'),
	(15,15,11,'2020-04-24 15:55:15','\0'),
	(16,16,16,'1999-11-12 23:44:28',''),
	(17,17,16,'1971-08-15 20:49:38','\0'),
	(18,18,16,'1978-04-08 03:29:53',''),
	(19,19,16,'2002-01-24 18:57:02','\0'),
	(20,20,16,'1989-05-26 09:07:45',''),
	(21,1,1,'1988-04-01 03:34:55','\0'),
	(22,2,1,'2014-03-22 12:40:09',''),
	(23,3,2,'2012-09-13 05:21:52',''),
	(24,4,24,'2011-05-04 03:10:56','\0'),
	(25,5,25,'2001-12-01 05:52:18',''),
	(26,6,26,'1972-12-02 12:48:37','\0'),
	(27,7,27,'1978-07-01 23:38:26','\0'),
	(28,8,28,'1977-11-14 18:54:08',''),
	(29,9,29,'2003-07-02 19:19:55','\0'),
	(30,10,30,'2017-10-13 00:14:07',''),
	(31,11,31,'2005-02-04 14:26:03',''),
	(32,12,32,'1986-01-23 23:20:57',''),
	(33,13,33,'1974-04-30 00:16:06','\0'),
	(34,14,34,'1999-03-31 01:51:39','\0'),
	(35,15,35,'2019-07-28 14:37:54','\0'),
	(36,16,36,'2002-12-25 21:38:07','\0'),
	(37,17,37,'2006-11-10 03:50:03',''),
	(38,18,38,'1996-05-16 05:27:45','\0'),
	(39,19,39,'1988-11-06 16:24:21','\0'),
	(40,20,40,'1976-07-13 19:20:36',''),
	(41,1,41,'1977-03-13 05:00:19','\0'),
	(42,2,42,'1989-10-21 09:20:34',''),
	(43,3,43,'1986-08-12 03:22:01','\0'),
	(44,4,44,'2011-11-07 13:48:59','\0'),
	(45,5,45,'2017-12-26 05:46:39',''),
	(46,6,46,'2014-09-25 10:12:10',''),
	(47,7,47,'2015-04-11 08:05:14','\0'),
	(48,8,48,'2005-01-19 11:38:29','\0'),
	(49,9,49,'2015-07-05 09:13:54','\0'),
	(50,10,50,'2021-08-06 23:41:23',''),
	(51,11,51,'2007-02-04 01:49:51','\0'),
	(52,12,52,'1979-06-19 14:23:48','\0'),
	(53,13,53,'1979-06-10 04:12:27','\0'),
	(54,14,54,'2014-12-26 01:52:53',''),
	(55,15,55,'1993-09-20 17:02:18',''),
	(56,16,56,'2010-03-19 11:19:37',''),
	(57,17,57,'2015-03-21 05:09:00',''),
	(58,18,58,'1993-11-02 03:15:54','\0'),
	(59,19,59,'2016-11-12 12:53:24',''),
	(60,20,60,'2012-11-22 19:22:47','\0'),
	(61,1,61,'2010-06-06 19:34:00',''),
	(62,2,62,'1971-01-03 17:14:02','\0'),
	(63,3,63,'2001-08-26 09:43:11',''),
	(64,4,64,'2012-08-26 07:14:16','\0'),
	(65,5,65,'2020-08-14 05:46:15',''),
	(66,6,66,'2013-03-07 18:15:02',''),
	(67,7,67,'1976-06-22 09:22:43','\0'),
	(68,8,68,'1986-06-12 23:38:42','\0'),
	(69,9,69,'1972-05-13 02:06:47',''),
	(70,10,70,'2019-11-10 16:11:01','\0'),
	(71,11,71,'1988-09-14 14:20:02',''),
	(72,12,72,'2015-02-20 06:04:41',''),
	(73,13,73,'1991-07-10 04:06:08','\0'),
	(74,14,74,'1981-11-08 13:50:56',''),
	(75,15,75,'2006-06-09 15:56:34','\0'),
	(76,16,76,'1985-07-20 18:55:52','\0'),
	(77,17,77,'2010-11-19 05:35:02',''),
	(78,18,78,'2019-02-23 09:26:31','\0'),
	(79,19,79,'1987-07-12 03:44:04',''),
	(80,20,80,'2013-03-19 00:22:04',''),
	(81,1,81,'1985-05-19 00:04:02','\0'),
	(82,2,82,'1970-07-25 02:43:58',''),
	(83,3,83,'1974-02-07 02:22:22','\0'),
	(84,4,84,'1997-04-18 23:31:46','\0'),
	(85,5,85,'2012-02-06 16:02:00',''),
	(86,6,86,'2008-11-04 13:25:07',''),
	(87,7,87,'2006-05-15 14:41:25',''),
	(88,8,88,'1984-10-12 07:47:59',''),
	(89,9,89,'1990-07-31 01:44:28','\0'),
	(90,10,90,'2003-09-11 03:35:48',''),
	(91,11,91,'1976-01-27 04:01:13','\0'),
	(92,12,92,'1995-06-02 13:47:19','\0'),
	(93,13,93,'1983-03-17 09:15:03','\0'),
	(94,14,94,'1997-01-18 21:27:38','\0'),
	(95,15,95,'1987-05-27 13:49:04',''),
	(96,16,96,'2002-05-19 22:32:42','\0'),
	(97,17,97,'2019-11-03 06:12:14',''),
	(98,18,98,'2013-02-26 12:50:59',''),
	(99,19,99,'1993-10-04 07:28:15',''),
	(100,20,100,'1989-10-31 07:25:44','\0'),
	(101,1,1,'2000-09-25 05:04:11',''),
	(102,2,2,'2001-11-06 00:46:27',''),
	(103,3,3,'1991-03-12 11:44:53','\0'),
	(104,4,4,'1987-10-18 13:13:08',''),
	(105,5,5,'1992-05-13 20:03:16',''),
	(106,6,6,'2002-06-20 07:56:10','\0'),
	(107,7,7,'2013-05-03 23:48:34',''),
	(108,8,8,'1971-05-26 12:01:51',''),
	(109,9,9,'1982-05-21 16:20:11',''),
	(110,10,10,'2009-11-12 17:02:53',''),
	(111,11,11,'1970-09-18 12:38:51',''),
	(112,12,12,'1995-01-27 01:42:50','\0'),
	(113,13,13,'1988-08-12 04:30:27','\0'),
	(114,14,14,'2003-07-12 18:12:13',''),
	(115,15,15,'2015-03-15 20:01:12','\0'),
	(116,16,16,'2012-07-22 16:26:06','\0'),
	(117,17,17,'2021-07-26 09:30:28','\0'),
	(118,18,18,'2011-05-10 21:34:59','\0'),
	(119,19,19,'1993-12-04 01:29:34',''),
	(120,20,20,'1990-01-26 08:24:43',''),
	(121,1,21,'1976-12-24 03:30:41','\0'),
	(122,2,22,'1978-03-24 05:38:02',''),
	(123,3,23,'1990-06-20 07:19:44','\0'),
	(124,4,24,'1989-11-26 17:25:44','\0'),
	(125,5,25,'2015-11-02 10:31:22',''),
	(126,6,26,'1982-01-11 09:18:23','\0'),
	(127,7,27,'2014-07-21 01:24:04','\0'),
	(128,8,28,'2016-10-29 07:14:29',''),
	(129,9,29,'2000-04-04 07:26:25',''),
	(130,10,30,'2015-05-24 16:51:35','\0'),
	(131,11,31,'1988-05-08 18:40:36',''),
	(132,12,32,'1991-10-25 11:02:50',''),
	(133,13,33,'2017-11-07 15:42:14',''),
	(134,14,34,'1975-02-13 12:19:04','\0'),
	(135,15,35,'2009-01-02 20:31:06',''),
	(136,16,36,'1974-06-16 21:24:07',''),
	(137,17,37,'1995-07-23 23:52:09',''),
	(138,18,38,'1975-03-14 23:48:02','\0'),
	(139,19,39,'1973-07-10 21:59:33',''),
	(140,20,40,'1974-01-27 08:27:24',''),
	(141,1,41,'1975-05-18 04:49:28',''),
	(142,2,42,'2017-10-15 00:19:11','\0'),
	(143,3,43,'1995-01-06 03:14:54',''),
	(144,4,44,'1991-05-24 20:33:58',''),
	(145,5,45,'1993-03-24 23:54:48','\0'),
	(146,6,46,'1997-01-04 22:05:09','\0'),
	(147,7,47,'2007-06-22 21:45:25','\0'),
	(148,8,48,'1977-10-17 20:41:27',''),
	(149,9,49,'1998-04-21 15:17:42',''),
	(150,10,50,'1988-08-16 12:23:51',''),
	(151,11,51,'2016-03-20 13:37:33','\0'),
	(152,12,52,'1974-08-11 01:43:49','\0'),
	(153,13,53,'1987-09-10 12:16:25',''),
	(154,14,54,'1977-08-09 03:29:20',''),
	(155,15,55,'1983-04-19 06:30:02','\0'),
	(156,16,56,'1998-07-06 03:51:05','\0'),
	(157,17,57,'1992-08-22 06:36:21','\0'),
	(158,18,58,'1980-05-11 01:01:35',''),
	(159,19,59,'1973-12-30 01:47:36','\0'),
	(160,20,60,'1973-08-14 11:16:05',''),
	(161,1,61,'1977-02-09 00:17:59','\0'),
	(162,2,62,'2005-12-16 01:09:59',''),
	(163,3,63,'2003-11-07 20:55:40',''),
	(164,4,64,'1996-11-27 18:29:10','\0'),
	(165,5,65,'2006-02-07 17:47:34','\0'),
	(166,6,66,'2005-06-17 00:53:25','\0'),
	(167,7,67,'2012-08-27 23:13:17','\0'),
	(168,8,68,'1973-06-01 09:26:38','\0'),
	(169,9,69,'1979-02-03 09:40:21','\0'),
	(170,10,70,'1989-07-28 08:40:28',''),
	(171,11,71,'1976-05-27 07:06:06',''),
	(172,12,72,'1998-12-25 16:38:18',''),
	(173,13,73,'1970-12-11 03:17:45','\0'),
	(174,14,74,'1979-12-30 09:25:30',''),
	(175,15,75,'2019-01-06 11:07:09','\0'),
	(176,16,76,'2008-09-07 04:51:52',''),
	(177,17,77,'2006-02-25 03:33:36','\0'),
	(178,18,78,'1973-03-31 15:30:55','\0'),
	(179,19,79,'1991-11-24 18:50:58',''),
	(180,20,80,'1971-03-13 02:51:35',''),
	(181,1,81,'1996-04-15 21:26:08','\0'),
	(182,2,82,'1989-03-07 02:34:12','\0'),
	(183,3,83,'1977-02-06 21:48:39',''),
	(184,4,84,'2011-07-12 22:14:23','\0'),
	(185,5,85,'2019-08-30 04:56:30',''),
	(186,6,86,'2009-11-19 17:02:38',''),
	(187,7,87,'2019-12-09 09:43:08','\0'),
	(188,8,88,'2000-03-14 23:09:35','\0'),
	(189,9,89,'1985-03-14 13:42:50','\0'),
	(190,10,90,'1975-02-22 16:21:20',''),
	(191,11,91,'1996-02-17 01:24:52',''),
	(192,12,92,'2014-10-26 16:27:20','\0'),
	(193,13,93,'1978-12-21 13:03:43',''),
	(194,14,94,'2001-04-27 11:06:25',''),
	(195,15,95,'1995-09-18 14:04:08',''),
	(196,16,96,'2016-04-28 19:22:10','\0'),
	(197,17,97,'2008-10-19 18:33:52',''),
	(198,18,98,'1973-07-10 18:39:40',''),
	(199,19,99,'2012-12-20 14:44:02',''),
	(200,20,100,'2018-08-19 20:31:20','\0'),
	(201,1,1,'2018-05-14 03:54:22',''),
	(202,2,2,'1978-09-21 16:32:40',''),
	(203,3,3,'1984-12-22 17:15:24','\0'),
	(204,4,4,'1979-03-06 04:34:57','\0'),
	(205,5,5,'1996-06-06 00:52:22','\0'),
	(206,6,6,'2015-05-27 17:10:49','\0'),
	(207,7,7,'1989-02-10 11:38:06',''),
	(208,8,8,'1971-01-04 05:41:33',''),
	(209,9,9,'1989-09-18 10:36:36','\0'),
	(210,10,10,'1996-08-30 09:36:01',''),
	(211,11,11,'2012-09-29 00:56:49','\0'),
	(212,12,12,'1993-11-30 21:30:04','\0'),
	(213,13,13,'1976-05-12 16:40:19','\0'),
	(214,14,14,'2016-06-12 04:30:28',''),
	(215,15,15,'2004-01-27 16:17:34',''),
	(216,16,16,'1988-01-04 09:45:40',''),
	(217,17,17,'1981-02-20 14:56:37','\0'),
	(218,18,18,'1972-12-22 08:06:11',''),
	(219,19,19,'1996-02-28 06:03:01','\0'),
	(220,20,20,'2014-07-02 02:35:59',''),
	(221,1,21,'1970-10-16 03:16:12',''),
	(222,2,22,'2001-06-15 19:15:36',''),
	(223,3,23,'1994-05-03 10:06:56',''),
	(224,4,24,'2003-12-18 12:22:17','\0'),
	(225,5,25,'1970-06-12 00:58:55',''),
	(226,6,26,'2016-08-01 07:18:02',''),
	(227,7,27,'1977-12-26 01:12:15',''),
	(228,8,28,'2009-04-05 13:41:12','\0'),
	(229,9,29,'1991-05-21 02:48:00','\0'),
	(230,10,30,'1985-10-11 20:13:33',''),
	(231,11,31,'2016-08-18 16:59:43','\0'),
	(232,12,32,'1998-02-11 14:40:22',''),
	(233,13,33,'1974-11-16 04:02:27','\0'),
	(234,14,34,'1970-08-17 08:46:16',''),
	(235,15,35,'1993-10-19 22:12:21',''),
	(236,16,36,'2001-09-30 22:19:48','\0'),
	(237,17,37,'2011-07-16 17:12:30','\0'),
	(238,18,38,'1981-02-26 14:54:26',''),
	(239,19,39,'1990-04-09 15:05:22','\0'),
	(240,20,40,'1981-12-01 06:44:57','\0'),
	(241,1,41,'1980-10-04 12:00:31','\0'),
	(242,2,42,'2002-03-24 02:12:44','\0'),
	(243,3,43,'2000-03-07 10:51:17',''),
	(244,4,44,'1988-01-27 22:47:19','\0'),
	(245,5,45,'1990-01-10 01:48:47',''),
	(246,6,46,'2000-07-08 00:39:55',''),
	(247,7,47,'2011-01-06 04:23:37',''),
	(248,8,48,'1978-06-03 14:09:59','\0'),
	(249,9,49,'2016-10-01 08:01:05',''),
	(250,10,50,'2007-08-05 08:09:19',''),
	(251,11,51,'1980-08-02 16:56:03',''),
	(252,12,52,'1997-02-13 10:36:02','\0'),
	(253,13,53,'1995-04-25 09:49:49',''),
	(254,14,54,'2008-12-31 21:28:38','\0'),
	(255,15,55,'2009-05-18 10:00:10',''),
	(256,16,56,'1978-08-23 17:53:22',''),
	(257,17,57,'2013-01-22 22:38:45','\0'),
	(258,18,58,'2011-03-23 21:28:25','\0'),
	(259,19,59,'1997-12-15 04:23:27','\0'),
	(260,20,60,'1988-07-25 16:11:28',''),
	(261,1,61,'1975-03-07 00:40:19',''),
	(262,2,62,'1976-04-17 16:57:58','\0'),
	(263,3,63,'2002-12-11 14:01:23','\0'),
	(264,4,64,'1999-08-07 20:13:01','\0'),
	(265,5,65,'2014-03-11 02:47:25',''),
	(266,6,66,'1991-02-07 14:30:56',''),
	(267,7,67,'2020-09-10 18:37:29',''),
	(268,8,68,'1970-09-02 10:58:07','\0'),
	(269,9,69,'2012-10-20 19:32:24',''),
	(270,10,70,'2014-07-02 23:27:24','\0'),
	(271,11,71,'2018-01-18 08:30:31',''),
	(272,12,72,'2017-08-23 02:38:58','\0'),
	(273,13,73,'2011-07-29 15:02:10',''),
	(274,14,74,'2014-10-06 02:28:39','\0'),
	(275,15,75,'2010-01-24 08:24:34',''),
	(276,16,76,'1986-10-23 09:17:14',''),
	(277,17,77,'1988-02-06 02:54:32','\0'),
	(278,18,78,'1991-04-04 00:03:32',''),
	(279,19,79,'1988-04-22 15:24:10','\0'),
	(280,20,80,'2002-05-03 18:14:08','\0'),
	(281,1,81,'1993-07-04 20:08:31','\0'),
	(282,2,82,'2017-04-28 14:45:19',''),
	(283,3,83,'1970-03-29 22:06:20','\0'),
	(284,4,84,'2020-03-10 22:54:33',''),
	(285,5,85,'2019-06-14 03:55:55',''),
	(286,6,86,'1980-07-10 22:46:58','\0'),
	(287,7,87,'1998-11-11 09:13:46','\0'),
	(288,8,88,'1975-12-01 23:29:46','\0'),
	(289,9,89,'2001-05-23 05:26:30',''),
	(290,10,90,'2015-09-22 14:19:54',''),
	(291,11,91,'1983-11-10 20:54:15','\0'),
	(292,12,92,'1973-12-05 09:44:45',''),
	(293,13,93,'2015-10-31 06:49:37','\0'),
	(294,14,94,'2002-10-19 12:00:26','\0'),
	(295,15,95,'1996-06-14 14:09:34',''),
	(296,16,96,'1993-06-28 02:07:43','\0'),
	(297,17,97,'2014-12-16 04:15:08',''),
	(298,18,98,'1990-07-12 08:17:33',''),
	(299,19,99,'1980-09-07 14:31:59',''),
	(300,20,100,'2018-12-29 10:00:42','');
	


-- Скрипты характерных выборок (включающие группировки, JOIN'ы, вложенные таблицы):

-- Группировки:
-- 1 задача: Сгруппировать пользователей по полу, посчитать их количество. Для каждой группы вывести средний возраст (целое число).
use project_video;

SELECT 
	CASE (u.gender)
         WHEN 'm' THEN 'Мужской'
         WHEN 'f' THEN 'Женский'
         ELSE 'другой'
    END AS 'Пол', 
	ROUND(AVG(TIMESTAMPDIFF(YEAR, u.birthday, NOW())), 0) as 'Возраст',
	COUNT(u.id) AS 'Кол-во пользователей'
FROM 
	users AS u
GROUP BY u.gender, 'Возраст';

/* 2 задача: Вывести для каждого пользователя названия всех альбомов и количество видеозаписей в каждом альбоме (у которого имеется).
LEFT JOIN не писала специально, чтобы не было много записей. */

SELECT 
	CONCAT(u.firstname, ' ', u.lastname) as 'Пользователь',
	a.name_album as 'Название альбома',
	COUNT(v.id) as 'Кол-во видео'
FROM users AS u 
	JOIN channels AS c ON u.id = c.user_id 
	JOIN albums AS a ON c.id = a.channel_id 
	JOIN video AS v ON a.id = v.album_id
GROUP BY u.id, a.name_album  
ORDER BY CONCAT(u.firstname, ' ', u.lastname);
	

-- JOIN'ы:
-- 1 задача: Вывести id, имя/фамилию 10-и пользователей, которые подписаны на 5 и более каналов.

SELECT
	u.id,	
	CONCAT(u.firstname, ' ', u.lastname) as 'Имя пользователя',
	COUNT(s.id) AS 'Кол-во каналов'
FROM subscribers AS s
	JOIN users AS u ON s.user_id = u.id 
GROUP BY s.user_id HAVING COUNT(s.id) >= 5
ORDER BY COUNT(s.id) DESC
LIMIT 10; -- выводит 4-х пользователей, т.к. у всех остальных подписка оформлена на 3-и и менее каналов.

-- 2 задача: Составить список всех каналов и их владельцев, на которых было куплено более 2-х премиум альбомов.

SELECT 
	u.firstname as 'Владелец канала',
	c.name as 'Название канала', 
	COUNT(a.name_album) as cnt -- количество премиум альбомов на канале
FROM users AS u 
	JOIN channels AS c ON u.id = c.user_id
	JOIN albums AS a ON c.id = a.channel_id
	JOIN accesses AS ac ON a.access_id = ac.id WHERE ac.status = 'премиум'
GROUP BY c.id 
HAVING cnt > 2 ORDER BY cnt DESC; -- выводит 2 канала из 5

-- Вложенные таблицы:
/* 1 задача: Вывести активность по пользователям, помеченным на удаление: имя и фамилию, email, кол-во каналов 
(на которые подписан пользователь), кол-во комментариев (оставленных пользователем), общее кол-во просмотров 
(совершенных пользователем), кол-во лайков (оставленных пользователем)*/

SELECT 
	users.id,
	CONCAT(users.firstname, ' ', users.lastname) as 'Пользователь',
	users.email,
	(SELECT COUNT(id) FROM subscribers WHERE user_id = users.id) AS 'Каналы', -- кол-во каналов, на которые подписан пользователь
	(SELECT COUNT(id) FROM comments WHERE user_id = users.id) AS 'Комментарии', -- кол-во комментариев, которые оставил пользователь
	(SELECT COUNT(id) FROM history WHERE user_id = users.id) AS 'Кол-во просмотров', -- общее количество просмотров пользователя
	(SELECT COUNT(user_id) FROM likes WHERE user_id = users.id) AS 'Кол-во лайков' -- кол-во лайков, которые поставил пользователь
FROM
	users
WHERE is_deleted != 0
ORDER BY users.id;


/* 2 задача: Вывести название преимум альбомов, стоимость которых ниже средней цены в таблице Premium; имя пользователя, 
купившего альбом; цену, по которой его приобрели; и дату начала действия премиума.*/

SELECT
	(SELECT name_album FROM albums WHERE id=album_id) as 'Название альбома', 
	(SELECT firstname FROM users WHERE id=user_id) as 'Покупатель', 
	price as 'Цена приобретения',
	p.start_date as 'Дата начала премиума'
FROM
	premium as p 
WHERE price < (SELECT AVG(price) FROM premium)
ORDER BY price DESC;

-- Представления:
/* 1 задача: Представление, выводящее информацию по видео: название видео, кол-во просмотров, кол-во комментариев, название альбома 
и название канала (где расположено видео). Сортировка видео по уменьшению кол-ва просмотров*/

CREATE OR REPLACE VIEW v_video
AS

 SELECT
	v.id, 
	v.name_video as 'Название видео',
	h.his as cnt, -- Кол-во просмотров
	l.lik as 'Кол-во лайков',
	c.comm as 'Кол-во комм',
	a.name_album as 'Название альбома',
	ch.name as 'Название канала'
FROM video v 
	LEFT JOIN (SELECT COUNT(id) as his, video_id FROM history GROUP BY video_id) as h ON v.id = h.video_id
	LEFT JOIN (SELECT COUNT(video_id) as lik, video_id FROM likes GROUP BY video_id) as l ON v.id = l.video_id
	LEFT JOIN (SELECT COUNT(id) as comm, video_id FROM comments GROUP BY video_id) as c ON v.id = c.video_id
	LEFT JOIN albums a ON v.album_id = a.id
	LEFT JOIN channels as ch ON a.channel_id = ch.id 

GROUP BY v.id
ORDER BY cnt DESC;

-- исполнение. Вывожу информацию по видео для записей, которые посмотрели больше 1 раза:
SELECT * from  v_video
WHERE cnt > 1;

-- удаление 
DROP VIEW v_video;

/* 2 задача: Представление, выводящее: id и наименование альбомов со статусом 'открытый', наименование всех видеозаписей в них 
и владельца альбома.*/
CREATE OR REPLACE VIEW v_albums
AS

SELECT 
	a.id, 
	a.name_album as 'Название альбома',
	v.name_video as 'Название видео',
	v.published_at, -- дата публикации видео
	u.firstname as 'Пользователь' -- который опубликовал видео (он же владелец канала)
FROM albums as a
	LEFT JOIN video as v ON a.id = v.album_id 
	LEFT JOIN channels as c ON a.channel_id = c.id
	LEFT JOIN users as u ON c.user_id = u.id
WHERE access_id = (SELECT id FROM accesses where status = 'открытый')
ORDER BY a.id, v.name_video;

-- исполнение. Вывожу информацию по видео, которые были опубликованы после 2015 года:
SELECT * from  v_albums
WHERE YEAR(published_at) > 2015
ORDER BY published_at;

-- удаление 
DROP VIEW v_video;

-- Триггеры: 
/* 1 задача: При загрузке новых данных в БД контролировать, чтобы новая дата публикации не была раньше, чем новая дата загрузки 
видео. В случае обнаружения таких дат публикации устанавливать дату пабликации равную дате загрузки видео.*/

USE project_video;
DROP TRIGGER IF EXISTS tr_published_at_video_before_insert;

DELIMITER $$
$$
CREATE TRIGGER tr_published_at_video_before_insert
BEFORE INSERT
ON video FOR EACH ROW
BEGIN 
	IF new.published_at < new.created_at then
		SET new.published_at = new.created_at;
	end if;
end
$$
DELIMITER ;

-- проверка работы триггера:
INSERT INTO `video` VALUES 
	('1111','beatae','Et Blanditiis Deleniti.',1,'2006-05-15 04:56:54','1970-01-02 10:16:13','\0'),
	('2222','repellendus','Cum Repellendus Corporis Harum.',2,'2018-11-04 12:51:45','2006-05-01 04:16:35','');

SELECT * FROM video ORDER BY id DESC;


-- 2 задача: Если видео помечено на удаление, выводить ошибку.

USE project_video;
DROP TRIGGER IF EXISTS tr_video_is_deleted;

DELIMITER $$
$$
CREATE TRIGGER tr_video_is_deleted before INSERT ON video 
FOR EACH ROW
begin
	if new.is_deleted !=0 then 
		SIGNAL SQLSTATE '45000' SET MESSAGE_TEXT = 'Видео помечено на удаление!';
	end if;
end
$$
DELIMITER ;

-- проверка работы триггера:
INSERT INTO `video` VALUES 
	('4444','repellendus','Cum Repellendus Corporis Harum.',6,'1970-01-02 10:16:13','2018-11-04 12:51:45','');

SELECT * FROM video ORDER BY id DESC;



-- Хранимые процедуры: 
/* 1 задача: Написать процедуру, которая выводит пользователей (имя/фамилия, пол, почтовый адрес и дату рождения), 
у которых день рождение в N квартале года. Сортировку провести по полу и дню и месяцу дня рождения.*/

DROP PROCEDURE IF EXISTS project_video.hp;

DELIMITER $$
$$
CREATE PROCEDURE project_video.hp(in number_quarter INT)
BEGIN
	SELECT 
	CONCAT(firstname, ' ', lastname),
	email,
	gender,
	birthday 
FROM users
WHERE QUARTER(birthday) = number_quarter
ORDER BY gender, DAYOFYEAR(birthday);
END$$
DELIMITER ;

-- вызов процедуры: нахожу пользователей с днем рождением во втором квартале года.
CALL project_video.hp(2);

/* 2 задача: Написать процедуру, которая выводит владельца премиум альбома, название альбома, стоимость, названия видео в 
данном альбоме и дату их публикации в зависимости от стоимости альбома. */

DROP PROCEDURE IF EXISTS project_video.hp_albums_premium;

DELIMITER $$
$$
CREATE PROCEDURE project_video.hp_albums_premium(IN fix INT)
BEGIN
	SELECT
		CONCAT(u.firstname, ' ', u.lastname) as 'Владелец альбома',
		a.name_album,
		a.price,
		v.name_video,
		v.published_at 
	FROM albums as a 
		JOIN channels as c ON a.channel_id = c.id 
		JOIN users as u ON c.user_id = u.id 
		JOIN video as v ON a.id = v.album_id
WHERE access_id = (SELECT id FROM accesses where status = 'премиум') AND a.price = fix
	ORDER BY c.name, a.name_album;
END$$
DELIMITER ;

-- вызов процедуры: нахожу владельцев премиум альбомов в зависимости от стоимости (варьируется от 1 до 15).
CALL project_video.hp_albums_premium(2);
